	source	target	weight	source_freq	target_freq	first_sample	second_sample	edge_sample	fscolor	sscolor	edcolor	num_samps
0	Acidaminococcus	Acholeplasma	0.809547547485	3	13	Stool	Stool	Stool	#b2f396	#b2f396	#b2f396	61
1	Acholeplasma	Acidaminococcus	0.809547547485	13	3	Stool	Stool	Stool	#b2f396	#b2f396	#b2f396	61
2	Aliterella	Acinetobacter	0.996168686298	21	11	Anterior_nares	Anterior_nares	Anterior_nares	#8000ff	#8000ff	#8000ff	61
3	Acinetobacter	Aliterella	0.996168686298	11	21	Anterior_nares	Anterior_nares	Anterior_nares	#8000ff	#8000ff	#8000ff	61
4	Anaerotruncus	Acetivibrio	0.880590415103	1	29	Stool	Stool	Stool	#b2f396	#b2f396	#b2f396	61
5	Acetivibrio	Anaerotruncus	0.880590415103	29	1	Stool	Stool	Stool	#b2f396	#b2f396	#b2f396	61
6	Arthrobacter	Acinetobacter	0.996168686298	1	11	Anterior_nares	Anterior_nares	Anterior_nares	#8000ff	#8000ff	#8000ff	61
7	Acinetobacter	Arthrobacter	0.996168686298	11	1	Anterior_nares	Anterior_nares	Anterior_nares	#8000ff	#8000ff	#8000ff	61
8	Arthrobacter	Aliterella	1.0	1	21	Anterior_nares	Anterior_nares	Anterior_nares	#8000ff	#8000ff	#8000ff	61
9	Aliterella	Arthrobacter	1.0	21	1	Anterior_nares	Anterior_nares	Anterior_nares	#8000ff	#8000ff	#8000ff	61
10	Atopobacter	Amphibacillus	1.0	9	1	Anterior_nares	Anterior_nares	Anterior_nares	#8000ff	#8000ff	#8000ff	61
11	Amphibacillus	Atopobacter	1.0	1	9	Anterior_nares	Anterior_nares	Anterior_nares	#8000ff	#8000ff	#8000ff	61
12	Aureimonas	Arcanobacterium	0.969911300836	13	12	Anterior_nares	Anterior_nares	Anterior_nares	#8000ff	#8000ff	#8000ff	61
13	Arcanobacterium	Aureimonas	0.969911300836	12	13	Anterior_nares	Anterior_nares	Anterior_nares	#8000ff	#8000ff	#8000ff	61
14	Avibacterium	Actinobacillus	0.82678604747	2	23	Buccal_mucosa	Buccal_mucosa	Buccal_mucosa	#1996f3	#1996f3	#1996f3	61
15	Actinobacillus	Avibacterium	0.82678604747	23	2	Buccal_mucosa	Buccal_mucosa	Buccal_mucosa	#1996f3	#1996f3	#1996f3	61
16	Azohydromonas	Acinetobacter	0.996168686298	1	11	Anterior_nares	Anterior_nares	Anterior_nares	#8000ff	#8000ff	#8000ff	61
17	Acinetobacter	Azohydromonas	0.996168686298	11	1	Anterior_nares	Anterior_nares	Anterior_nares	#8000ff	#8000ff	#8000ff	61
18	Azohydromonas	Aliterella	1.0	1	21	Anterior_nares	Anterior_nares	Anterior_nares	#8000ff	#8000ff	#8000ff	61
19	Aliterella	Azohydromonas	1.0	21	1	Anterior_nares	Anterior_nares	Anterior_nares	#8000ff	#8000ff	#8000ff	61
20	Azohydromonas	Arthrobacter	1.0	1	1	Anterior_nares	Anterior_nares	Anterior_nares	#8000ff	#8000ff	#8000ff	61
21	Arthrobacter	Azohydromonas	1.0	1	1	Anterior_nares	Anterior_nares	Anterior_nares	#8000ff	#8000ff	#8000ff	61
22	Basfia	Actinobacillus	0.988872788788	3	23	Buccal_mucosa	Buccal_mucosa	Buccal_mucosa	#1996f3	#1996f3	#1996f3	61
23	Actinobacillus	Basfia	0.988872788788	23	3	Buccal_mucosa	Buccal_mucosa	Buccal_mucosa	#1996f3	#1996f3	#1996f3	61
24	Basfia	Avibacterium	0.809547547485	3	2	Buccal_mucosa	Buccal_mucosa	Buccal_mucosa	#1996f3	#1996f3	#1996f3	61
25	Avibacterium	Basfia	0.809547547485	2	3	Buccal_mucosa	Buccal_mucosa	Buccal_mucosa	#1996f3	#1996f3	#1996f3	61
26	Bibersteinia	Actinobacillus	0.936541083794	1	23	Buccal_mucosa	Buccal_mucosa	Buccal_mucosa	#1996f3	#1996f3	#1996f3	61
27	Actinobacillus	Bibersteinia	0.936541083794	23	1	Buccal_mucosa	Buccal_mucosa	Buccal_mucosa	#1996f3	#1996f3	#1996f3	61
28	Bibersteinia	Basfia	0.947079436721	1	3	Buccal_mucosa	Buccal_mucosa	Buccal_mucosa	#1996f3	#1996f3	#1996f3	61
29	Basfia	Bibersteinia	0.947079436721	3	1	Buccal_mucosa	Buccal_mucosa	Buccal_mucosa	#1996f3	#1996f3	#1996f3	61
30	Bradyrhizobium	Afipia	0.947169800914	2	39	Throat	Throat	Throat	#ff5029	#ff5029	#ff5029	61
31	Afipia	Bradyrhizobium	0.947169800914	39	2	Throat	Throat	Throat	#ff5029	#ff5029	#ff5029	61
32	Brevibacterium	Aerococcus	0.999888764849	3	25	Posterior_fornix	Posterior_fornix	Posterior_fornix	#4df3ce	#4df3ce	#4df3ce	61
33	Aerococcus	Brevibacterium	0.999888764849	25	3	Posterior_fornix	Posterior_fornix	Posterior_fornix	#4df3ce	#4df3ce	#4df3ce	61
34	Burkholderia	Aerococcus	0.999888764849	10	25	Posterior_fornix	Posterior_fornix	Posterior_fornix	#4df3ce	#4df3ce	#4df3ce	61
35	Aerococcus	Burkholderia	0.999888764849	25	10	Posterior_fornix	Posterior_fornix	Posterior_fornix	#4df3ce	#4df3ce	#4df3ce	61
36	Burkholderia	Brevibacterium	1.0	10	3	Posterior_fornix	Posterior_fornix	Posterior_fornix	#4df3ce	#4df3ce	#4df3ce	61
37	Brevibacterium	Burkholderia	1.0	3	10	Posterior_fornix	Posterior_fornix	Posterior_fornix	#4df3ce	#4df3ce	#4df3ce	61
38	Calothrix	Amphibacillus	0.948165574861	1	1	Anterior_nares	Anterior_nares	Anterior_nares	#8000ff	#8000ff	#8000ff	61
39	Amphibacillus	Calothrix	0.948165574861	1	1	Anterior_nares	Anterior_nares	Anterior_nares	#8000ff	#8000ff	#8000ff	61
40	Calothrix	Atopobacter	0.948165574861	1	9	Anterior_nares	Anterior_nares	Anterior_nares	#8000ff	#8000ff	#8000ff	61
41	Atopobacter	Calothrix	0.948165574861	9	1	Anterior_nares	Anterior_nares	Anterior_nares	#8000ff	#8000ff	#8000ff	61
42	Citrobacter	Afipia	0.947169800914	11	39	Throat	Throat	Throat	#ff5029	#ff5029	#ff5029	61
43	Afipia	Citrobacter	0.947169800914	39	11	Throat	Throat	Throat	#ff5029	#ff5029	#ff5029	61
44	Citrobacter	Bradyrhizobium	1.0	11	2	Throat	Throat	Throat	#ff5029	#ff5029	#ff5029	61
45	Bradyrhizobium	Citrobacter	1.0	2	11	Throat	Throat	Throat	#ff5029	#ff5029	#ff5029	61
46	Conchiformibius	Afipia	0.84179454359	37	39	Throat	Throat	Throat	#ff5029	#ff5029	#ff5029	61
47	Afipia	Conchiformibius	0.84179454359	39	37	Throat	Throat	Throat	#ff5029	#ff5029	#ff5029	61
48	Conchiformibius	Bradyrhizobium	0.892946584967	37	2	Throat	Throat	Throat	#ff5029	#ff5029	#ff5029	61
49	Bradyrhizobium	Conchiformibius	0.892946584967	2	37	Throat	Throat	Throat	#ff5029	#ff5029	#ff5029	61
50	Conchiformibius	Citrobacter	0.892946584967	37	11	Throat	Throat	Throat	#ff5029	#ff5029	#ff5029	61
51	Citrobacter	Conchiformibius	0.892946584967	11	37	Throat	Throat	Throat	#ff5029	#ff5029	#ff5029	61
52	Crocosphaera	Arcanobacterium	0.969911300836	1	12	Anterior_nares	Anterior_nares	Anterior_nares	#8000ff	#8000ff	#8000ff	61
53	Arcanobacterium	Crocosphaera	0.969911300836	12	1	Anterior_nares	Anterior_nares	Anterior_nares	#8000ff	#8000ff	#8000ff	61
54	Crocosphaera	Aureimonas	1.0	1	13	Anterior_nares	Anterior_nares	Anterior_nares	#8000ff	#8000ff	#8000ff	61
55	Aureimonas	Crocosphaera	1.0	13	1	Anterior_nares	Anterior_nares	Anterior_nares	#8000ff	#8000ff	#8000ff	61
56	Dechloromonas	Alicycliphilus	0.993862917052	7	4	Buccal_mucosa	Buccal_mucosa	Buccal_mucosa	#1996f3	#1996f3	#1996f3	61
57	Alicycliphilus	Dechloromonas	0.993862917052	4	7	Buccal_mucosa	Buccal_mucosa	Buccal_mucosa	#1996f3	#1996f3	#1996f3	61
58	Dehalobacter	Actinobacillus	0.988872788788	25	23	Buccal_mucosa	Buccal_mucosa	Buccal_mucosa	#1996f3	#1996f3	#1996f3	61
59	Actinobacillus	Dehalobacter	0.988872788788	23	25	Buccal_mucosa	Buccal_mucosa	Buccal_mucosa	#1996f3	#1996f3	#1996f3	61
60	Dehalobacter	Avibacterium	0.809547547485	25	2	Buccal_mucosa	Buccal_mucosa	Buccal_mucosa	#1996f3	#1996f3	#1996f3	61
61	Avibacterium	Dehalobacter	0.809547547485	2	25	Buccal_mucosa	Buccal_mucosa	Buccal_mucosa	#1996f3	#1996f3	#1996f3	61
62	Dehalobacter	Basfia	1.0	25	3	Buccal_mucosa	Buccal_mucosa	Buccal_mucosa	#1996f3	#1996f3	#1996f3	61
63	Basfia	Dehalobacter	1.0	3	25	Buccal_mucosa	Buccal_mucosa	Buccal_mucosa	#1996f3	#1996f3	#1996f3	61
64	Dehalobacter	Bibersteinia	0.947079436721	25	1	Buccal_mucosa	Buccal_mucosa	Buccal_mucosa	#1996f3	#1996f3	#1996f3	61
65	Bibersteinia	Dehalobacter	0.947079436721	1	25	Buccal_mucosa	Buccal_mucosa	Buccal_mucosa	#1996f3	#1996f3	#1996f3	61
66	Delftia	Acinetobacter	0.996168686298	6	11	Anterior_nares	Anterior_nares	Anterior_nares	#8000ff	#8000ff	#8000ff	61
67	Acinetobacter	Delftia	0.996168686298	11	6	Anterior_nares	Anterior_nares	Anterior_nares	#8000ff	#8000ff	#8000ff	61
68	Delftia	Aliterella	1.0	6	21	Anterior_nares	Anterior_nares	Anterior_nares	#8000ff	#8000ff	#8000ff	61
69	Aliterella	Delftia	1.0	21	6	Anterior_nares	Anterior_nares	Anterior_nares	#8000ff	#8000ff	#8000ff	61
70	Delftia	Arthrobacter	1.0	6	1	Anterior_nares	Anterior_nares	Anterior_nares	#8000ff	#8000ff	#8000ff	61
71	Arthrobacter	Delftia	1.0	1	6	Anterior_nares	Anterior_nares	Anterior_nares	#8000ff	#8000ff	#8000ff	61
72	Delftia	Azohydromonas	1.0	6	1	Anterior_nares	Anterior_nares	Anterior_nares	#8000ff	#8000ff	#8000ff	61
73	Azohydromonas	Delftia	1.0	1	6	Anterior_nares	Anterior_nares	Anterior_nares	#8000ff	#8000ff	#8000ff	61
74	Desulfotomaculum	Anaerofustis	1.0	16	32	Stool	Stool	Stool	#b2f396	#b2f396	#b2f396	61
75	Anaerofustis	Desulfotomaculum	1.0	32	16	Stool	Stool	Stool	#b2f396	#b2f396	#b2f396	61
76	Desulfovibrio	Anaerofustis	0.997680793211	8	32	Stool	Stool	Stool	#b2f396	#b2f396	#b2f396	61
77	Anaerofustis	Desulfovibrio	0.997680793211	32	8	Stool	Stool	Stool	#b2f396	#b2f396	#b2f396	61
78	Desulfovibrio	Desulfotomaculum	0.997680793211	8	16	Stool	Stool	Stool	#b2f396	#b2f396	#b2f396	61
79	Desulfotomaculum	Desulfovibrio	0.997680793211	16	8	Stool	Stool	Stool	#b2f396	#b2f396	#b2f396	61
80	Echinicola	Actinobacillus	0.988872788788	29	23	Buccal_mucosa	Buccal_mucosa	Buccal_mucosa	#1996f3	#1996f3	#1996f3	61
81	Actinobacillus	Echinicola	0.988872788788	23	29	Buccal_mucosa	Buccal_mucosa	Buccal_mucosa	#1996f3	#1996f3	#1996f3	61
82	Echinicola	Avibacterium	0.809547547485	29	2	Buccal_mucosa	Buccal_mucosa	Buccal_mucosa	#1996f3	#1996f3	#1996f3	61
83	Avibacterium	Echinicola	0.809547547485	2	29	Buccal_mucosa	Buccal_mucosa	Buccal_mucosa	#1996f3	#1996f3	#1996f3	61
84	Echinicola	Basfia	1.0	29	3	Buccal_mucosa	Buccal_mucosa	Buccal_mucosa	#1996f3	#1996f3	#1996f3	61
85	Basfia	Echinicola	1.0	3	29	Buccal_mucosa	Buccal_mucosa	Buccal_mucosa	#1996f3	#1996f3	#1996f3	61
86	Echinicola	Bibersteinia	0.947079436721	29	1	Buccal_mucosa	Buccal_mucosa	Buccal_mucosa	#1996f3	#1996f3	#1996f3	61
87	Bibersteinia	Echinicola	0.947079436721	1	29	Buccal_mucosa	Buccal_mucosa	Buccal_mucosa	#1996f3	#1996f3	#1996f3	61
88	Echinicola	Dehalobacter	1.0	29	25	Buccal_mucosa	Buccal_mucosa	Buccal_mucosa	#1996f3	#1996f3	#1996f3	61
89	Dehalobacter	Echinicola	1.0	25	29	Buccal_mucosa	Buccal_mucosa	Buccal_mucosa	#1996f3	#1996f3	#1996f3	61
90	Eggerthella	Catabacter	0.942842332274	11	4	Stool	Stool	Stool	#b2f396	#b2f396	#b2f396	61
91	Catabacter	Eggerthella	0.942842332274	4	11	Stool	Stool	Stool	#b2f396	#b2f396	#b2f396	61
92	Elizabethkingia	Alicycliphilus	1.0	2	4	Buccal_mucosa	Buccal_mucosa	Buccal_mucosa	#1996f3	#1996f3	#1996f3	61
93	Alicycliphilus	Elizabethkingia	1.0	4	2	Buccal_mucosa	Buccal_mucosa	Buccal_mucosa	#1996f3	#1996f3	#1996f3	61
94	Elizabethkingia	Dechloromonas	0.993862917052	2	7	Buccal_mucosa	Buccal_mucosa	Buccal_mucosa	#1996f3	#1996f3	#1996f3	61
95	Dechloromonas	Elizabethkingia	0.993862917052	7	2	Buccal_mucosa	Buccal_mucosa	Buccal_mucosa	#1996f3	#1996f3	#1996f3	61
96	Enhydrobacter	Bosea	0.992248103726	10	15	Posterior_fornix	Posterior_fornix	Posterior_fornix	#4df3ce	#4df3ce	#4df3ce	61
97	Bosea	Enhydrobacter	0.992248103726	15	10	Posterior_fornix	Posterior_fornix	Posterior_fornix	#4df3ce	#4df3ce	#4df3ce	61
98	Enterorhabdus	Cellulomonas	0.951486712417	18	10	Stool	Stool	Stool	#b2f396	#b2f396	#b2f396	61
99	Cellulomonas	Enterorhabdus	0.951486712417	10	18	Stool	Stool	Stool	#b2f396	#b2f396	#b2f396	61
100	Erysipelatoclostridium	Catabacter	0.977474511276	39	4	Stool	Stool	Stool	#b2f396	#b2f396	#b2f396	61
101	Catabacter	Erysipelatoclostridium	0.977474511276	4	39	Stool	Stool	Stool	#b2f396	#b2f396	#b2f396	61
102	Erysipelatoclostridium	Eggerthella	0.953163192239	39	11	Stool	Stool	Stool	#b2f396	#b2f396	#b2f396	61
103	Eggerthella	Erysipelatoclostridium	0.953163192239	11	39	Stool	Stool	Stool	#b2f396	#b2f396	#b2f396	61
104	Escherichia	Enterorhabdus	0.99926311244	1	18	Stool	Stool	Stool	#b2f396	#b2f396	#b2f396	61
105	Enterorhabdus	Escherichia	0.99926311244	18	1	Stool	Stool	Stool	#b2f396	#b2f396	#b2f396	61
106	Exiguobacterium	Arcanobacterium	0.950147119473	5	12	Anterior_nares	Anterior_nares	Anterior_nares	#8000ff	#8000ff	#8000ff	61
107	Arcanobacterium	Exiguobacterium	0.950147119473	12	5	Anterior_nares	Anterior_nares	Anterior_nares	#8000ff	#8000ff	#8000ff	61
108	Exiguobacterium	Aureimonas	0.980459624497	5	13	Anterior_nares	Anterior_nares	Anterior_nares	#8000ff	#8000ff	#8000ff	61
109	Aureimonas	Exiguobacterium	0.980459624497	13	5	Anterior_nares	Anterior_nares	Anterior_nares	#8000ff	#8000ff	#8000ff	61
110	Exiguobacterium	Crocosphaera	0.980459624497	5	1	Anterior_nares	Anterior_nares	Anterior_nares	#8000ff	#8000ff	#8000ff	61
111	Crocosphaera	Exiguobacterium	0.980459624497	1	5	Anterior_nares	Anterior_nares	Anterior_nares	#8000ff	#8000ff	#8000ff	61
112	Facklamia	Brevibacterium	0.904124250573	2	3	Posterior_fornix	Posterior_fornix	Posterior_fornix	#4df3ce	#4df3ce	#4df3ce	61
113	Brevibacterium	Facklamia	0.904124250573	3	2	Posterior_fornix	Posterior_fornix	Posterior_fornix	#4df3ce	#4df3ce	#4df3ce	61
114	Facklamia	Burkholderia	0.904124250573	2	10	Posterior_fornix	Posterior_fornix	Posterior_fornix	#4df3ce	#4df3ce	#4df3ce	61
115	Burkholderia	Facklamia	0.904124250573	10	2	Posterior_fornix	Posterior_fornix	Posterior_fornix	#4df3ce	#4df3ce	#4df3ce	61
116	Faecalicoccus	Catabacter	1.0	1	4	Stool	Stool	Stool	#b2f396	#b2f396	#b2f396	61
117	Catabacter	Faecalicoccus	1.0	4	1	Stool	Stool	Stool	#b2f396	#b2f396	#b2f396	61
118	Faecalicoccus	Eggerthella	0.942842332274	1	11	Stool	Stool	Stool	#b2f396	#b2f396	#b2f396	61
119	Eggerthella	Faecalicoccus	0.942842332274	11	1	Stool	Stool	Stool	#b2f396	#b2f396	#b2f396	61
120	Faecalicoccus	Erysipelatoclostridium	0.977474511276	1	39	Stool	Stool	Stool	#b2f396	#b2f396	#b2f396	61
121	Erysipelatoclostridium	Faecalicoccus	0.977474511276	39	1	Stool	Stool	Stool	#b2f396	#b2f396	#b2f396	61
122	Faecalitalea	Anaerotruncus	0.832613092322	1	1	Stool	Stool	Stool	#b2f396	#b2f396	#b2f396	61
123	Anaerotruncus	Faecalitalea	0.832613092322	1	1	Stool	Stool	Stool	#b2f396	#b2f396	#b2f396	61
124	Faecalitalea	Butyricicoccus	0.884707724654	1	19	Stool	Stool	Stool	#b2f396	#b2f396	#b2f396	61
125	Butyricicoccus	Faecalitalea	0.884707724654	19	1	Stool	Stool	Stool	#b2f396	#b2f396	#b2f396	61
126	Fenollaria	Bosea	1.0	4	15	Posterior_fornix	Posterior_fornix	Posterior_fornix	#4df3ce	#4df3ce	#4df3ce	61
127	Bosea	Fenollaria	1.0	15	4	Posterior_fornix	Posterior_fornix	Posterior_fornix	#4df3ce	#4df3ce	#4df3ce	61
128	Fenollaria	Enhydrobacter	0.992248103726	4	10	Posterior_fornix	Posterior_fornix	Posterior_fornix	#4df3ce	#4df3ce	#4df3ce	61
129	Enhydrobacter	Fenollaria	0.992248103726	10	4	Posterior_fornix	Posterior_fornix	Posterior_fornix	#4df3ce	#4df3ce	#4df3ce	61
130	Flavobacterium	Afipia	0.947169800914	5	39	Throat	Throat	Throat	#ff5029	#ff5029	#ff5029	61
131	Afipia	Flavobacterium	0.947169800914	39	5	Throat	Throat	Throat	#ff5029	#ff5029	#ff5029	61
132	Flavobacterium	Bradyrhizobium	1.0	5	2	Throat	Throat	Throat	#ff5029	#ff5029	#ff5029	61
133	Bradyrhizobium	Flavobacterium	1.0	2	5	Throat	Throat	Throat	#ff5029	#ff5029	#ff5029	61
134	Flavobacterium	Citrobacter	1.0	5	11	Throat	Throat	Throat	#ff5029	#ff5029	#ff5029	61
135	Citrobacter	Flavobacterium	1.0	11	5	Throat	Throat	Throat	#ff5029	#ff5029	#ff5029	61
136	Flavobacterium	Conchiformibius	0.892946584967	5	37	Throat	Throat	Throat	#ff5029	#ff5029	#ff5029	61
137	Conchiformibius	Flavobacterium	0.892946584967	37	5	Throat	Throat	Throat	#ff5029	#ff5029	#ff5029	61
138	Gallibacterium	Actinobacillus	0.905556844149	2	23	Attached	Buccal_mucosa	Intertype	#4e4dfc	#1996f3	#cccccc	61
139	Actinobacillus	Gallibacterium	0.905556844149	23	2	Buccal_mucosa	Attached	Intertype	#1996f3	#4e4dfc	#cccccc	61
140	Gallibacterium	Avibacterium	0.858527207209	2	2	Attached	Buccal_mucosa	Intertype	#4e4dfc	#1996f3	#cccccc	61
141	Avibacterium	Gallibacterium	0.858527207209	2	2	Buccal_mucosa	Attached	Intertype	#1996f3	#4e4dfc	#cccccc	61
142	Gallibacterium	Basfia	0.880966552491	2	3	Attached	Buccal_mucosa	Intertype	#4e4dfc	#1996f3	#cccccc	61
143	Basfia	Gallibacterium	0.880966552491	3	2	Buccal_mucosa	Attached	Intertype	#1996f3	#4e4dfc	#cccccc	61
144	Gallibacterium	Bibersteinia	0.893047801902	2	1	Attached	Buccal_mucosa	Intertype	#4e4dfc	#1996f3	#cccccc	61
145	Bibersteinia	Gallibacterium	0.893047801902	1	2	Buccal_mucosa	Attached	Intertype	#1996f3	#4e4dfc	#cccccc	61
146	Gallibacterium	Dehalobacter	0.880966552491	2	25	Attached	Buccal_mucosa	Intertype	#4e4dfc	#1996f3	#cccccc	61
147	Dehalobacter	Gallibacterium	0.880966552491	25	2	Buccal_mucosa	Attached	Intertype	#1996f3	#4e4dfc	#cccccc	61
148	Gallibacterium	Echinicola	0.880966552491	2	29	Attached	Buccal_mucosa	Intertype	#4e4dfc	#1996f3	#cccccc	61
149	Echinicola	Gallibacterium	0.880966552491	29	2	Buccal_mucosa	Attached	Intertype	#1996f3	#4e4dfc	#cccccc	61
150	Gordonibacter	Adlercreutzia	0.847038183443	2	10	Stool	Stool	Stool	#b2f396	#b2f396	#b2f396	61
151	Adlercreutzia	Gordonibacter	0.847038183443	10	2	Stool	Stool	Stool	#b2f396	#b2f396	#b2f396	61
152	Gordonibacter	Anaerofustis	0.875793291187	2	32	Stool	Stool	Stool	#b2f396	#b2f396	#b2f396	61
153	Anaerofustis	Gordonibacter	0.875793291187	32	2	Stool	Stool	Stool	#b2f396	#b2f396	#b2f396	61
154	Gordonibacter	Desulfotomaculum	0.875793291187	2	16	Stool	Stool	Stool	#b2f396	#b2f396	#b2f396	61
155	Desulfotomaculum	Gordonibacter	0.875793291187	16	2	Stool	Stool	Stool	#b2f396	#b2f396	#b2f396	61
156	Gordonibacter	Desulfovibrio	0.871489536782	2	8	Stool	Stool	Stool	#b2f396	#b2f396	#b2f396	61
157	Desulfovibrio	Gordonibacter	0.871489536782	8	2	Stool	Stool	Stool	#b2f396	#b2f396	#b2f396	61
158	Gulbenkiania	Arcanobacterium	0.969911300836	1	12	Anterior_nares	Anterior_nares	Anterior_nares	#8000ff	#8000ff	#8000ff	61
159	Arcanobacterium	Gulbenkiania	0.969911300836	12	1	Anterior_nares	Anterior_nares	Anterior_nares	#8000ff	#8000ff	#8000ff	61
160	Gulbenkiania	Aureimonas	1.0	1	13	Anterior_nares	Anterior_nares	Anterior_nares	#8000ff	#8000ff	#8000ff	61
161	Aureimonas	Gulbenkiania	1.0	13	1	Anterior_nares	Anterior_nares	Anterior_nares	#8000ff	#8000ff	#8000ff	61
162	Gulbenkiania	Crocosphaera	1.0	1	1	Anterior_nares	Anterior_nares	Anterior_nares	#8000ff	#8000ff	#8000ff	61
163	Crocosphaera	Gulbenkiania	1.0	1	1	Anterior_nares	Anterior_nares	Anterior_nares	#8000ff	#8000ff	#8000ff	61
164	Gulbenkiania	Exiguobacterium	0.980459624497	1	5	Anterior_nares	Anterior_nares	Anterior_nares	#8000ff	#8000ff	#8000ff	61
165	Exiguobacterium	Gulbenkiania	0.980459624497	5	1	Anterior_nares	Anterior_nares	Anterior_nares	#8000ff	#8000ff	#8000ff	61
166	Hallella	Cellulomonas	0.951486712417	3	10	Stool	Stool	Stool	#b2f396	#b2f396	#b2f396	61
167	Cellulomonas	Hallella	0.951486712417	10	3	Stool	Stool	Stool	#b2f396	#b2f396	#b2f396	61
168	Hallella	Enterorhabdus	1.0	3	18	Stool	Stool	Stool	#b2f396	#b2f396	#b2f396	61
169	Enterorhabdus	Hallella	1.0	18	3	Stool	Stool	Stool	#b2f396	#b2f396	#b2f396	61
170	Hallella	Escherichia	0.99926311244	3	1	Stool	Stool	Stool	#b2f396	#b2f396	#b2f396	61
171	Escherichia	Hallella	0.99926311244	1	3	Stool	Stool	Stool	#b2f396	#b2f396	#b2f396	61
172	Helicobacter	Arcanobacterium	0.969911300836	15	12	Anterior_nares	Anterior_nares	Anterior_nares	#8000ff	#8000ff	#8000ff	61
173	Arcanobacterium	Helicobacter	0.969911300836	12	15	Anterior_nares	Anterior_nares	Anterior_nares	#8000ff	#8000ff	#8000ff	61
174	Helicobacter	Aureimonas	1.0	15	13	Anterior_nares	Anterior_nares	Anterior_nares	#8000ff	#8000ff	#8000ff	61
175	Aureimonas	Helicobacter	1.0	13	15	Anterior_nares	Anterior_nares	Anterior_nares	#8000ff	#8000ff	#8000ff	61
176	Helicobacter	Crocosphaera	1.0	15	1	Anterior_nares	Anterior_nares	Anterior_nares	#8000ff	#8000ff	#8000ff	61
177	Crocosphaera	Helicobacter	1.0	1	15	Anterior_nares	Anterior_nares	Anterior_nares	#8000ff	#8000ff	#8000ff	61
178	Helicobacter	Exiguobacterium	0.980459624497	15	5	Anterior_nares	Anterior_nares	Anterior_nares	#8000ff	#8000ff	#8000ff	61
179	Exiguobacterium	Helicobacter	0.980459624497	5	15	Anterior_nares	Anterior_nares	Anterior_nares	#8000ff	#8000ff	#8000ff	61
180	Helicobacter	Gulbenkiania	1.0	15	1	Anterior_nares	Anterior_nares	Anterior_nares	#8000ff	#8000ff	#8000ff	61
181	Gulbenkiania	Helicobacter	1.0	1	15	Anterior_nares	Anterior_nares	Anterior_nares	#8000ff	#8000ff	#8000ff	61
182	Herbaspirillum	Bosea	0.908943708578	1	15	Mid_vagina	Posterior_fornix	Intertype	#18cde4	#4df3ce	#cccccc	61
183	Bosea	Herbaspirillum	0.908943708578	15	1	Posterior_fornix	Mid_vagina	Intertype	#4df3ce	#18cde4	#cccccc	61
184	Herbaspirillum	Enhydrobacter	0.900961985328	1	10	Mid_vagina	Posterior_fornix	Intertype	#18cde4	#4df3ce	#cccccc	61
185	Enhydrobacter	Herbaspirillum	0.900961985328	10	1	Posterior_fornix	Mid_vagina	Intertype	#4df3ce	#18cde4	#cccccc	61
186	Herbaspirillum	Fenollaria	0.908943708578	1	4	Mid_vagina	Posterior_fornix	Intertype	#18cde4	#4df3ce	#cccccc	61
187	Fenollaria	Herbaspirillum	0.908943708578	4	1	Posterior_fornix	Mid_vagina	Intertype	#4df3ce	#18cde4	#cccccc	61
188	Holdemania	Acetivibrio	0.864159892895	10	29	Stool	Stool	Stool	#b2f396	#b2f396	#b2f396	61
189	Acetivibrio	Holdemania	0.864159892895	29	10	Stool	Stool	Stool	#b2f396	#b2f396	#b2f396	61
190	Holdemania	Anaerotruncus	0.824545987707	10	1	Stool	Stool	Stool	#b2f396	#b2f396	#b2f396	61
191	Anaerotruncus	Holdemania	0.824545987707	1	10	Stool	Stool	Stool	#b2f396	#b2f396	#b2f396	61
192	Holdemania	Faecalitalea	0.862114832558	10	1	Stool	Stool	Stool	#b2f396	#b2f396	#b2f396	61
193	Faecalitalea	Holdemania	0.862114832558	1	10	Stool	Stool	Stool	#b2f396	#b2f396	#b2f396	61
194	Hungatella	Anaerofustis	0.977056383741	8	32	Stool	Stool	Stool	#b2f396	#b2f396	#b2f396	61
195	Anaerofustis	Hungatella	0.977056383741	32	8	Stool	Stool	Stool	#b2f396	#b2f396	#b2f396	61
196	Hungatella	Desulfotomaculum	0.977056383741	8	16	Stool	Stool	Stool	#b2f396	#b2f396	#b2f396	61
197	Desulfotomaculum	Hungatella	0.977056383741	16	8	Stool	Stool	Stool	#b2f396	#b2f396	#b2f396	61
198	Hungatella	Desulfovibrio	0.977353568202	8	8	Stool	Stool	Stool	#b2f396	#b2f396	#b2f396	61
199	Desulfovibrio	Hungatella	0.977353568202	8	8	Stool	Stool	Stool	#b2f396	#b2f396	#b2f396	61
200	Hungatella	Gordonibacter	0.937670327689	8	2	Stool	Stool	Stool	#b2f396	#b2f396	#b2f396	61
201	Gordonibacter	Hungatella	0.937670327689	2	8	Stool	Stool	Stool	#b2f396	#b2f396	#b2f396	61
202	Janibacter	Afipia	0.947169800914	3	39	Throat	Throat	Throat	#ff5029	#ff5029	#ff5029	61
203	Afipia	Janibacter	0.947169800914	39	3	Throat	Throat	Throat	#ff5029	#ff5029	#ff5029	61
204	Janibacter	Bradyrhizobium	1.0	3	2	Throat	Throat	Throat	#ff5029	#ff5029	#ff5029	61
205	Bradyrhizobium	Janibacter	1.0	2	3	Throat	Throat	Throat	#ff5029	#ff5029	#ff5029	61
206	Janibacter	Citrobacter	1.0	3	11	Throat	Throat	Throat	#ff5029	#ff5029	#ff5029	61
207	Citrobacter	Janibacter	1.0	11	3	Throat	Throat	Throat	#ff5029	#ff5029	#ff5029	61
208	Janibacter	Conchiformibius	0.892946584967	3	37	Throat	Throat	Throat	#ff5029	#ff5029	#ff5029	61
209	Conchiformibius	Janibacter	0.892946584967	37	3	Throat	Throat	Throat	#ff5029	#ff5029	#ff5029	61
210	Janibacter	Flavobacterium	1.0	3	5	Throat	Throat	Throat	#ff5029	#ff5029	#ff5029	61
211	Flavobacterium	Janibacter	1.0	5	3	Throat	Throat	Throat	#ff5029	#ff5029	#ff5029	61
212	Kandleria	Catenibacterium	0.999838965441	29	6	Stool	Stool	Stool	#b2f396	#b2f396	#b2f396	61
213	Catenibacterium	Kandleria	0.999838965441	6	29	Stool	Stool	Stool	#b2f396	#b2f396	#b2f396	61
214	Kocuria	Arcanobacterium	0.836454334612	4	12	Anterior_nares	Anterior_nares	Anterior_nares	#8000ff	#8000ff	#8000ff	61
215	Arcanobacterium	Kocuria	0.836454334612	12	4	Anterior_nares	Anterior_nares	Anterior_nares	#8000ff	#8000ff	#8000ff	61
216	Kocuria	Aureimonas	0.866149823784	4	13	Anterior_nares	Anterior_nares	Anterior_nares	#8000ff	#8000ff	#8000ff	61
217	Aureimonas	Kocuria	0.866149823784	13	4	Anterior_nares	Anterior_nares	Anterior_nares	#8000ff	#8000ff	#8000ff	61
218	Kocuria	Crocosphaera	0.866149823784	4	1	Anterior_nares	Anterior_nares	Anterior_nares	#8000ff	#8000ff	#8000ff	61
219	Crocosphaera	Kocuria	0.866149823784	1	4	Anterior_nares	Anterior_nares	Anterior_nares	#8000ff	#8000ff	#8000ff	61
220	Kocuria	Exiguobacterium	0.905018349443	4	5	Anterior_nares	Anterior_nares	Anterior_nares	#8000ff	#8000ff	#8000ff	61
221	Exiguobacterium	Kocuria	0.905018349443	5	4	Anterior_nares	Anterior_nares	Anterior_nares	#8000ff	#8000ff	#8000ff	61
222	Kocuria	Gulbenkiania	0.866149823784	4	1	Anterior_nares	Anterior_nares	Anterior_nares	#8000ff	#8000ff	#8000ff	61
223	Gulbenkiania	Kocuria	0.866149823784	1	4	Anterior_nares	Anterior_nares	Anterior_nares	#8000ff	#8000ff	#8000ff	61
224	Kocuria	Helicobacter	0.866149823784	4	15	Anterior_nares	Anterior_nares	Anterior_nares	#8000ff	#8000ff	#8000ff	61
225	Helicobacter	Kocuria	0.866149823784	15	4	Anterior_nares	Anterior_nares	Anterior_nares	#8000ff	#8000ff	#8000ff	61
226	Leucobacter	Arcanobacterium	0.964473519533	5	12	Anterior_nares	Anterior_nares	Anterior_nares	#8000ff	#8000ff	#8000ff	61
227	Arcanobacterium	Leucobacter	0.964473519533	12	5	Anterior_nares	Anterior_nares	Anterior_nares	#8000ff	#8000ff	#8000ff	61
228	Leucobacter	Aureimonas	0.9949996224	5	13	Anterior_nares	Anterior_nares	Anterior_nares	#8000ff	#8000ff	#8000ff	61
229	Aureimonas	Leucobacter	0.9949996224	13	5	Anterior_nares	Anterior_nares	Anterior_nares	#8000ff	#8000ff	#8000ff	61
230	Leucobacter	Crocosphaera	0.9949996224	5	1	Anterior_nares	Anterior_nares	Anterior_nares	#8000ff	#8000ff	#8000ff	61
231	Crocosphaera	Leucobacter	0.9949996224	1	5	Anterior_nares	Anterior_nares	Anterior_nares	#8000ff	#8000ff	#8000ff	61
232	Leucobacter	Exiguobacterium	0.975081952167	5	5	Anterior_nares	Anterior_nares	Anterior_nares	#8000ff	#8000ff	#8000ff	61
233	Exiguobacterium	Leucobacter	0.975081952167	5	5	Anterior_nares	Anterior_nares	Anterior_nares	#8000ff	#8000ff	#8000ff	61
234	Leucobacter	Gulbenkiania	0.9949996224	5	1	Anterior_nares	Anterior_nares	Anterior_nares	#8000ff	#8000ff	#8000ff	61
235	Gulbenkiania	Leucobacter	0.9949996224	1	5	Anterior_nares	Anterior_nares	Anterior_nares	#8000ff	#8000ff	#8000ff	61
236	Leucobacter	Helicobacter	0.9949996224	5	15	Anterior_nares	Anterior_nares	Anterior_nares	#8000ff	#8000ff	#8000ff	61
237	Helicobacter	Leucobacter	0.9949996224	15	5	Anterior_nares	Anterior_nares	Anterior_nares	#8000ff	#8000ff	#8000ff	61
238	Leucobacter	Kocuria	0.859692177339	5	4	Anterior_nares	Anterior_nares	Anterior_nares	#8000ff	#8000ff	#8000ff	61
239	Kocuria	Leucobacter	0.859692177339	4	5	Anterior_nares	Anterior_nares	Anterior_nares	#8000ff	#8000ff	#8000ff	61
240	Leuconostoc	Brochothrix	0.990369694775	13	2	Saliva	Saliva	Saliva	#7effb5	#7effb5	#7effb5	61
241	Brochothrix	Leuconostoc	0.990369694775	2	13	Saliva	Saliva	Saliva	#7effb5	#7effb5	#7effb5	61
242	Levyella	Catabacter	0.817961847263	38	4	Anterior_nares	Stool	Intertype	#8000ff	#b2f396	#cccccc	61
243	Catabacter	Levyella	0.817961847263	4	38	Stool	Anterior_nares	Intertype	#b2f396	#8000ff	#cccccc	61
244	Levyella	Faecalicoccus	0.817961847263	38	1	Anterior_nares	Stool	Intertype	#8000ff	#b2f396	#cccccc	61
245	Faecalicoccus	Levyella	0.817961847263	1	38	Stool	Anterior_nares	Intertype	#b2f396	#8000ff	#cccccc	61
246	Mangrovimonas	Actinobacillus	0.988872788788	29	23	Buccal_mucosa	Buccal_mucosa	Buccal_mucosa	#1996f3	#1996f3	#1996f3	61
247	Actinobacillus	Mangrovimonas	0.988872788788	23	29	Buccal_mucosa	Buccal_mucosa	Buccal_mucosa	#1996f3	#1996f3	#1996f3	61
248	Mangrovimonas	Avibacterium	0.809547547485	29	2	Buccal_mucosa	Buccal_mucosa	Buccal_mucosa	#1996f3	#1996f3	#1996f3	61
249	Avibacterium	Mangrovimonas	0.809547547485	2	29	Buccal_mucosa	Buccal_mucosa	Buccal_mucosa	#1996f3	#1996f3	#1996f3	61
250	Mangrovimonas	Basfia	1.0	29	3	Buccal_mucosa	Buccal_mucosa	Buccal_mucosa	#1996f3	#1996f3	#1996f3	61
251	Basfia	Mangrovimonas	1.0	3	29	Buccal_mucosa	Buccal_mucosa	Buccal_mucosa	#1996f3	#1996f3	#1996f3	61
252	Mangrovimonas	Bibersteinia	0.947079436721	29	1	Buccal_mucosa	Buccal_mucosa	Buccal_mucosa	#1996f3	#1996f3	#1996f3	61
253	Bibersteinia	Mangrovimonas	0.947079436721	1	29	Buccal_mucosa	Buccal_mucosa	Buccal_mucosa	#1996f3	#1996f3	#1996f3	61
254	Mangrovimonas	Dehalobacter	1.0	29	25	Buccal_mucosa	Buccal_mucosa	Buccal_mucosa	#1996f3	#1996f3	#1996f3	61
255	Dehalobacter	Mangrovimonas	1.0	25	29	Buccal_mucosa	Buccal_mucosa	Buccal_mucosa	#1996f3	#1996f3	#1996f3	61
256	Mangrovimonas	Echinicola	1.0	29	29	Buccal_mucosa	Buccal_mucosa	Buccal_mucosa	#1996f3	#1996f3	#1996f3	61
257	Echinicola	Mangrovimonas	1.0	29	29	Buccal_mucosa	Buccal_mucosa	Buccal_mucosa	#1996f3	#1996f3	#1996f3	61
258	Mangrovimonas	Gallibacterium	0.880966552491	29	2	Buccal_mucosa	Attached	Intertype	#1996f3	#4e4dfc	#cccccc	61
259	Gallibacterium	Mangrovimonas	0.880966552491	2	29	Attached	Buccal_mucosa	Intertype	#4e4dfc	#1996f3	#cccccc	61
260	Mannheimia	Actinobacillus	0.895411740877	1	23	Buccal_mucosa	Buccal_mucosa	Buccal_mucosa	#1996f3	#1996f3	#1996f3	61
261	Actinobacillus	Mannheimia	0.895411740877	23	1	Buccal_mucosa	Buccal_mucosa	Buccal_mucosa	#1996f3	#1996f3	#1996f3	61
262	Mannheimia	Basfia	0.835211648257	1	3	Buccal_mucosa	Buccal_mucosa	Buccal_mucosa	#1996f3	#1996f3	#1996f3	61
263	Basfia	Mannheimia	0.835211648257	3	1	Buccal_mucosa	Buccal_mucosa	Buccal_mucosa	#1996f3	#1996f3	#1996f3	61
264	Mannheimia	Dehalobacter	0.835211648257	1	25	Buccal_mucosa	Buccal_mucosa	Buccal_mucosa	#1996f3	#1996f3	#1996f3	61
265	Dehalobacter	Mannheimia	0.835211648257	25	1	Buccal_mucosa	Buccal_mucosa	Buccal_mucosa	#1996f3	#1996f3	#1996f3	61
266	Mannheimia	Echinicola	0.835211648257	1	29	Buccal_mucosa	Buccal_mucosa	Buccal_mucosa	#1996f3	#1996f3	#1996f3	61
267	Echinicola	Mannheimia	0.835211648257	29	1	Buccal_mucosa	Buccal_mucosa	Buccal_mucosa	#1996f3	#1996f3	#1996f3	61
268	Mannheimia	Gallibacterium	0.836811080809	1	2	Buccal_mucosa	Attached	Intertype	#1996f3	#4e4dfc	#cccccc	61
269	Gallibacterium	Mannheimia	0.836811080809	2	1	Attached	Buccal_mucosa	Intertype	#4e4dfc	#1996f3	#cccccc	61
270	Mannheimia	Mangrovimonas	0.835211648257	1	29	Buccal_mucosa	Buccal_mucosa	Buccal_mucosa	#1996f3	#1996f3	#1996f3	61
271	Mangrovimonas	Mannheimia	0.835211648257	29	1	Buccal_mucosa	Buccal_mucosa	Buccal_mucosa	#1996f3	#1996f3	#1996f3	61
272	Marvinbryantia	Acetivibrio	0.83476460137	41	29	Stool	Stool	Stool	#b2f396	#b2f396	#b2f396	61
273	Acetivibrio	Marvinbryantia	0.83476460137	29	41	Stool	Stool	Stool	#b2f396	#b2f396	#b2f396	61
274	Marvinbryantia	Anaerotruncus	0.836224675959	41	1	Stool	Stool	Stool	#b2f396	#b2f396	#b2f396	61
275	Anaerotruncus	Marvinbryantia	0.836224675959	1	41	Stool	Stool	Stool	#b2f396	#b2f396	#b2f396	61
276	Marvinbryantia	Faecalitalea	0.834576187616	41	1	Stool	Stool	Stool	#b2f396	#b2f396	#b2f396	61
277	Faecalitalea	Marvinbryantia	0.834576187616	1	41	Stool	Stool	Stool	#b2f396	#b2f396	#b2f396	61
278	Methylobacterium	Arcanobacterium	0.950147119473	3	12	Anterior_nares	Anterior_nares	Anterior_nares	#8000ff	#8000ff	#8000ff	61
279	Arcanobacterium	Methylobacterium	0.950147119473	12	3	Anterior_nares	Anterior_nares	Anterior_nares	#8000ff	#8000ff	#8000ff	61
280	Methylobacterium	Aureimonas	0.980459624497	3	13	Anterior_nares	Anterior_nares	Anterior_nares	#8000ff	#8000ff	#8000ff	61
281	Aureimonas	Methylobacterium	0.980459624497	13	3	Anterior_nares	Anterior_nares	Anterior_nares	#8000ff	#8000ff	#8000ff	61
282	Methylobacterium	Crocosphaera	0.980459624497	3	1	Anterior_nares	Anterior_nares	Anterior_nares	#8000ff	#8000ff	#8000ff	61
283	Crocosphaera	Methylobacterium	0.980459624497	1	3	Anterior_nares	Anterior_nares	Anterior_nares	#8000ff	#8000ff	#8000ff	61
284	Methylobacterium	Exiguobacterium	1.0	3	5	Anterior_nares	Anterior_nares	Anterior_nares	#8000ff	#8000ff	#8000ff	61
285	Exiguobacterium	Methylobacterium	1.0	5	3	Anterior_nares	Anterior_nares	Anterior_nares	#8000ff	#8000ff	#8000ff	61
286	Methylobacterium	Gulbenkiania	0.980459624497	3	1	Anterior_nares	Anterior_nares	Anterior_nares	#8000ff	#8000ff	#8000ff	61
287	Gulbenkiania	Methylobacterium	0.980459624497	1	3	Anterior_nares	Anterior_nares	Anterior_nares	#8000ff	#8000ff	#8000ff	61
288	Methylobacterium	Helicobacter	0.980459624497	3	15	Anterior_nares	Anterior_nares	Anterior_nares	#8000ff	#8000ff	#8000ff	61
289	Helicobacter	Methylobacterium	0.980459624497	15	3	Anterior_nares	Anterior_nares	Anterior_nares	#8000ff	#8000ff	#8000ff	61
290	Methylobacterium	Kocuria	0.905018349443	3	4	Anterior_nares	Anterior_nares	Anterior_nares	#8000ff	#8000ff	#8000ff	61
291	Kocuria	Methylobacterium	0.905018349443	4	3	Anterior_nares	Anterior_nares	Anterior_nares	#8000ff	#8000ff	#8000ff	61
292	Methylobacterium	Leucobacter	0.975081952167	3	5	Anterior_nares	Anterior_nares	Anterior_nares	#8000ff	#8000ff	#8000ff	61
293	Leucobacter	Methylobacterium	0.975081952167	5	3	Anterior_nares	Anterior_nares	Anterior_nares	#8000ff	#8000ff	#8000ff	61
294	Microbacterium	Arcanobacterium	0.969911300836	4	12	Anterior_nares	Anterior_nares	Anterior_nares	#8000ff	#8000ff	#8000ff	61
295	Arcanobacterium	Microbacterium	0.969911300836	12	4	Anterior_nares	Anterior_nares	Anterior_nares	#8000ff	#8000ff	#8000ff	61
296	Microbacterium	Aureimonas	1.0	4	13	Anterior_nares	Anterior_nares	Anterior_nares	#8000ff	#8000ff	#8000ff	61
297	Aureimonas	Microbacterium	1.0	13	4	Anterior_nares	Anterior_nares	Anterior_nares	#8000ff	#8000ff	#8000ff	61
298	Microbacterium	Crocosphaera	1.0	4	1	Anterior_nares	Anterior_nares	Anterior_nares	#8000ff	#8000ff	#8000ff	61
299	Crocosphaera	Microbacterium	1.0	1	4	Anterior_nares	Anterior_nares	Anterior_nares	#8000ff	#8000ff	#8000ff	61
300	Microbacterium	Exiguobacterium	0.980459624497	4	5	Anterior_nares	Anterior_nares	Anterior_nares	#8000ff	#8000ff	#8000ff	61
301	Exiguobacterium	Microbacterium	0.980459624497	5	4	Anterior_nares	Anterior_nares	Anterior_nares	#8000ff	#8000ff	#8000ff	61
302	Microbacterium	Gulbenkiania	1.0	4	1	Anterior_nares	Anterior_nares	Anterior_nares	#8000ff	#8000ff	#8000ff	61
303	Gulbenkiania	Microbacterium	1.0	1	4	Anterior_nares	Anterior_nares	Anterior_nares	#8000ff	#8000ff	#8000ff	61
304	Microbacterium	Helicobacter	1.0	4	15	Anterior_nares	Anterior_nares	Anterior_nares	#8000ff	#8000ff	#8000ff	61
305	Helicobacter	Microbacterium	1.0	15	4	Anterior_nares	Anterior_nares	Anterior_nares	#8000ff	#8000ff	#8000ff	61
306	Microbacterium	Kocuria	0.866149823784	4	4	Anterior_nares	Anterior_nares	Anterior_nares	#8000ff	#8000ff	#8000ff	61
307	Kocuria	Microbacterium	0.866149823784	4	4	Anterior_nares	Anterior_nares	Anterior_nares	#8000ff	#8000ff	#8000ff	61
308	Microbacterium	Leucobacter	0.9949996224	4	5	Anterior_nares	Anterior_nares	Anterior_nares	#8000ff	#8000ff	#8000ff	61
309	Leucobacter	Microbacterium	0.9949996224	5	4	Anterior_nares	Anterior_nares	Anterior_nares	#8000ff	#8000ff	#8000ff	61
310	Microbacterium	Methylobacterium	0.980459624497	4	3	Anterior_nares	Anterior_nares	Anterior_nares	#8000ff	#8000ff	#8000ff	61
311	Methylobacterium	Microbacterium	0.980459624497	3	4	Anterior_nares	Anterior_nares	Anterior_nares	#8000ff	#8000ff	#8000ff	61
312	Micrococcus	Arcanobacterium	0.80195231892	5	12	Anterior_nares	Anterior_nares	Anterior_nares	#8000ff	#8000ff	#8000ff	61
313	Arcanobacterium	Micrococcus	0.80195231892	12	5	Anterior_nares	Anterior_nares	Anterior_nares	#8000ff	#8000ff	#8000ff	61
314	Micrococcus	Aureimonas	0.829208541656	5	13	Anterior_nares	Anterior_nares	Anterior_nares	#8000ff	#8000ff	#8000ff	61
315	Aureimonas	Micrococcus	0.829208541656	13	5	Anterior_nares	Anterior_nares	Anterior_nares	#8000ff	#8000ff	#8000ff	61
316	Micrococcus	Crocosphaera	0.829208541656	5	1	Anterior_nares	Anterior_nares	Anterior_nares	#8000ff	#8000ff	#8000ff	61
317	Crocosphaera	Micrococcus	0.829208541656	1	5	Anterior_nares	Anterior_nares	Anterior_nares	#8000ff	#8000ff	#8000ff	61
318	Micrococcus	Exiguobacterium	0.922960280166	5	5	Anterior_nares	Anterior_nares	Anterior_nares	#8000ff	#8000ff	#8000ff	61
319	Exiguobacterium	Micrococcus	0.922960280166	5	5	Anterior_nares	Anterior_nares	Anterior_nares	#8000ff	#8000ff	#8000ff	61
320	Micrococcus	Gulbenkiania	0.829208541656	5	1	Anterior_nares	Anterior_nares	Anterior_nares	#8000ff	#8000ff	#8000ff	61
321	Gulbenkiania	Micrococcus	0.829208541656	1	5	Anterior_nares	Anterior_nares	Anterior_nares	#8000ff	#8000ff	#8000ff	61
322	Micrococcus	Helicobacter	0.829208541656	5	15	Anterior_nares	Anterior_nares	Anterior_nares	#8000ff	#8000ff	#8000ff	61
323	Helicobacter	Micrococcus	0.829208541656	15	5	Anterior_nares	Anterior_nares	Anterior_nares	#8000ff	#8000ff	#8000ff	61
324	Micrococcus	Kocuria	0.876743994407	5	4	Anterior_nares	Anterior_nares	Anterior_nares	#8000ff	#8000ff	#8000ff	61
325	Kocuria	Micrococcus	0.876743994407	4	5	Anterior_nares	Anterior_nares	Anterior_nares	#8000ff	#8000ff	#8000ff	61
326	Micrococcus	Leucobacter	0.823712562784	5	5	Anterior_nares	Anterior_nares	Anterior_nares	#8000ff	#8000ff	#8000ff	61
327	Leucobacter	Micrococcus	0.823712562784	5	5	Anterior_nares	Anterior_nares	Anterior_nares	#8000ff	#8000ff	#8000ff	61
328	Micrococcus	Methylobacterium	0.922960280166	5	3	Anterior_nares	Anterior_nares	Anterior_nares	#8000ff	#8000ff	#8000ff	61
329	Methylobacterium	Micrococcus	0.922960280166	3	5	Anterior_nares	Anterior_nares	Anterior_nares	#8000ff	#8000ff	#8000ff	61
330	Micrococcus	Microbacterium	0.829208541656	5	4	Anterior_nares	Anterior_nares	Anterior_nares	#8000ff	#8000ff	#8000ff	61
331	Microbacterium	Micrococcus	0.829208541656	4	5	Anterior_nares	Anterior_nares	Anterior_nares	#8000ff	#8000ff	#8000ff	61
332	Microvirga	Acinetobacter	0.996168686298	12	11	Anterior_nares	Anterior_nares	Anterior_nares	#8000ff	#8000ff	#8000ff	61
333	Acinetobacter	Microvirga	0.996168686298	11	12	Anterior_nares	Anterior_nares	Anterior_nares	#8000ff	#8000ff	#8000ff	61
334	Microvirga	Aliterella	1.0	12	21	Anterior_nares	Anterior_nares	Anterior_nares	#8000ff	#8000ff	#8000ff	61
335	Aliterella	Microvirga	1.0	21	12	Anterior_nares	Anterior_nares	Anterior_nares	#8000ff	#8000ff	#8000ff	61
336	Microvirga	Arthrobacter	1.0	12	1	Anterior_nares	Anterior_nares	Anterior_nares	#8000ff	#8000ff	#8000ff	61
337	Arthrobacter	Microvirga	1.0	1	12	Anterior_nares	Anterior_nares	Anterior_nares	#8000ff	#8000ff	#8000ff	61
338	Microvirga	Azohydromonas	1.0	12	1	Anterior_nares	Anterior_nares	Anterior_nares	#8000ff	#8000ff	#8000ff	61
339	Azohydromonas	Microvirga	1.0	1	12	Anterior_nares	Anterior_nares	Anterior_nares	#8000ff	#8000ff	#8000ff	61
340	Microvirga	Delftia	1.0	12	6	Anterior_nares	Anterior_nares	Anterior_nares	#8000ff	#8000ff	#8000ff	61
341	Delftia	Microvirga	1.0	6	12	Anterior_nares	Anterior_nares	Anterior_nares	#8000ff	#8000ff	#8000ff	61
342	Mitsuokella	Brochothrix	0.99751267283	15	2	Saliva	Saliva	Saliva	#7effb5	#7effb5	#7effb5	61
343	Brochothrix	Mitsuokella	0.99751267283	2	15	Saliva	Saliva	Saliva	#7effb5	#7effb5	#7effb5	61
344	Mitsuokella	Leuconostoc	0.984865952368	15	13	Saliva	Saliva	Saliva	#7effb5	#7effb5	#7effb5	61
345	Leuconostoc	Mitsuokella	0.984865952368	13	15	Saliva	Saliva	Saliva	#7effb5	#7effb5	#7effb5	61
346	Mobiluncus	Mageeibacillus	0.984811076624	16	6	Posterior_fornix	Posterior_fornix	Posterior_fornix	#4df3ce	#4df3ce	#4df3ce	61
347	Mageeibacillus	Mobiluncus	0.984811076624	6	16	Posterior_fornix	Posterior_fornix	Posterior_fornix	#4df3ce	#4df3ce	#4df3ce	61
348	Modestobacter	Acinetobacter	0.996168686298	11	11	Anterior_nares	Anterior_nares	Anterior_nares	#8000ff	#8000ff	#8000ff	61
349	Acinetobacter	Modestobacter	0.996168686298	11	11	Anterior_nares	Anterior_nares	Anterior_nares	#8000ff	#8000ff	#8000ff	61
350	Modestobacter	Aliterella	1.0	11	21	Anterior_nares	Anterior_nares	Anterior_nares	#8000ff	#8000ff	#8000ff	61
351	Aliterella	Modestobacter	1.0	21	11	Anterior_nares	Anterior_nares	Anterior_nares	#8000ff	#8000ff	#8000ff	61
352	Modestobacter	Arthrobacter	1.0	11	1	Anterior_nares	Anterior_nares	Anterior_nares	#8000ff	#8000ff	#8000ff	61
353	Arthrobacter	Modestobacter	1.0	1	11	Anterior_nares	Anterior_nares	Anterior_nares	#8000ff	#8000ff	#8000ff	61
354	Modestobacter	Azohydromonas	1.0	11	1	Anterior_nares	Anterior_nares	Anterior_nares	#8000ff	#8000ff	#8000ff	61
355	Azohydromonas	Modestobacter	1.0	1	11	Anterior_nares	Anterior_nares	Anterior_nares	#8000ff	#8000ff	#8000ff	61
356	Modestobacter	Delftia	1.0	11	6	Anterior_nares	Anterior_nares	Anterior_nares	#8000ff	#8000ff	#8000ff	61
357	Delftia	Modestobacter	1.0	6	11	Anterior_nares	Anterior_nares	Anterior_nares	#8000ff	#8000ff	#8000ff	61
358	Modestobacter	Microvirga	1.0	11	12	Anterior_nares	Anterior_nares	Anterior_nares	#8000ff	#8000ff	#8000ff	61
359	Microvirga	Modestobacter	1.0	12	11	Anterior_nares	Anterior_nares	Anterior_nares	#8000ff	#8000ff	#8000ff	61
360	Mogibacterium	Eggerthia	0.826687696791	1	3	Throat	Subgingival_plaque	Intertype	#ff5029	#e4cf74	#cccccc	61
361	Eggerthia	Mogibacterium	0.826687696791	3	1	Subgingival_plaque	Throat	Intertype	#e4cf74	#ff5029	#cccccc	61
362	Necropsobacter	Actinobacillus	0.82678604747	1	23	Buccal_mucosa	Buccal_mucosa	Buccal_mucosa	#1996f3	#1996f3	#1996f3	61
363	Actinobacillus	Necropsobacter	0.82678604747	23	1	Buccal_mucosa	Buccal_mucosa	Buccal_mucosa	#1996f3	#1996f3	#1996f3	61
364	Necropsobacter	Avibacterium	1.0	1	2	Buccal_mucosa	Buccal_mucosa	Buccal_mucosa	#1996f3	#1996f3	#1996f3	61
365	Avibacterium	Necropsobacter	1.0	2	1	Buccal_mucosa	Buccal_mucosa	Buccal_mucosa	#1996f3	#1996f3	#1996f3	61
366	Necropsobacter	Basfia	0.809547547485	1	3	Buccal_mucosa	Buccal_mucosa	Buccal_mucosa	#1996f3	#1996f3	#1996f3	61
367	Basfia	Necropsobacter	0.809547547485	3	1	Buccal_mucosa	Buccal_mucosa	Buccal_mucosa	#1996f3	#1996f3	#1996f3	61
368	Necropsobacter	Dehalobacter	0.809547547485	1	25	Buccal_mucosa	Buccal_mucosa	Buccal_mucosa	#1996f3	#1996f3	#1996f3	61
369	Dehalobacter	Necropsobacter	0.809547547485	25	1	Buccal_mucosa	Buccal_mucosa	Buccal_mucosa	#1996f3	#1996f3	#1996f3	61
370	Necropsobacter	Echinicola	0.809547547485	1	29	Buccal_mucosa	Buccal_mucosa	Buccal_mucosa	#1996f3	#1996f3	#1996f3	61
371	Echinicola	Necropsobacter	0.809547547485	29	1	Buccal_mucosa	Buccal_mucosa	Buccal_mucosa	#1996f3	#1996f3	#1996f3	61
372	Necropsobacter	Gallibacterium	0.858527207209	1	2	Buccal_mucosa	Attached	Intertype	#1996f3	#4e4dfc	#cccccc	61
373	Gallibacterium	Necropsobacter	0.858527207209	2	1	Attached	Buccal_mucosa	Intertype	#4e4dfc	#1996f3	#cccccc	61
374	Necropsobacter	Mangrovimonas	0.809547547485	1	29	Buccal_mucosa	Buccal_mucosa	Buccal_mucosa	#1996f3	#1996f3	#1996f3	61
375	Mangrovimonas	Necropsobacter	0.809547547485	29	1	Buccal_mucosa	Buccal_mucosa	Buccal_mucosa	#1996f3	#1996f3	#1996f3	61
376	Nocardia	Bosea	0.904124250573	4	15	Mid_vagina	Posterior_fornix	Intertype	#18cde4	#4df3ce	#cccccc	61
377	Bosea	Nocardia	0.904124250573	15	4	Posterior_fornix	Mid_vagina	Intertype	#4df3ce	#18cde4	#cccccc	61
378	Nocardia	Enhydrobacter	0.895831905177	4	10	Mid_vagina	Posterior_fornix	Intertype	#18cde4	#4df3ce	#cccccc	61
379	Enhydrobacter	Nocardia	0.895831905177	10	4	Posterior_fornix	Mid_vagina	Intertype	#4df3ce	#18cde4	#cccccc	61
380	Nocardia	Fenollaria	0.904124250573	4	4	Mid_vagina	Posterior_fornix	Intertype	#18cde4	#4df3ce	#cccccc	61
381	Fenollaria	Nocardia	0.904124250573	4	4	Posterior_fornix	Mid_vagina	Intertype	#4df3ce	#18cde4	#cccccc	61
382	Nocardia	Herbaspirillum	0.946264750847	4	1	Mid_vagina	Mid_vagina	Mid_vagina	#18cde4	#18cde4	#18cde4	61
383	Herbaspirillum	Nocardia	0.946264750847	1	4	Mid_vagina	Mid_vagina	Mid_vagina	#18cde4	#18cde4	#18cde4	61
384	Nosocomiicoccus	Aerococcus	0.999888764849	12	25	Posterior_fornix	Posterior_fornix	Posterior_fornix	#4df3ce	#4df3ce	#4df3ce	61
385	Aerococcus	Nosocomiicoccus	0.999888764849	25	12	Posterior_fornix	Posterior_fornix	Posterior_fornix	#4df3ce	#4df3ce	#4df3ce	61
386	Nosocomiicoccus	Brevibacterium	1.0	12	3	Posterior_fornix	Posterior_fornix	Posterior_fornix	#4df3ce	#4df3ce	#4df3ce	61
387	Brevibacterium	Nosocomiicoccus	1.0	3	12	Posterior_fornix	Posterior_fornix	Posterior_fornix	#4df3ce	#4df3ce	#4df3ce	61
388	Nosocomiicoccus	Burkholderia	1.0	12	10	Posterior_fornix	Posterior_fornix	Posterior_fornix	#4df3ce	#4df3ce	#4df3ce	61
389	Burkholderia	Nosocomiicoccus	1.0	10	12	Posterior_fornix	Posterior_fornix	Posterior_fornix	#4df3ce	#4df3ce	#4df3ce	61
390	Nosocomiicoccus	Facklamia	0.904124250573	12	2	Posterior_fornix	Posterior_fornix	Posterior_fornix	#4df3ce	#4df3ce	#4df3ce	61
391	Facklamia	Nosocomiicoccus	0.904124250573	2	12	Posterior_fornix	Posterior_fornix	Posterior_fornix	#4df3ce	#4df3ce	#4df3ce	61
392	Novosphingobium	Afipia	0.947169800914	31	39	Throat	Throat	Throat	#ff5029	#ff5029	#ff5029	61
393	Afipia	Novosphingobium	0.947169800914	39	31	Throat	Throat	Throat	#ff5029	#ff5029	#ff5029	61
394	Novosphingobium	Bradyrhizobium	1.0	31	2	Throat	Throat	Throat	#ff5029	#ff5029	#ff5029	61
395	Bradyrhizobium	Novosphingobium	1.0	2	31	Throat	Throat	Throat	#ff5029	#ff5029	#ff5029	61
396	Novosphingobium	Citrobacter	1.0	31	11	Throat	Throat	Throat	#ff5029	#ff5029	#ff5029	61
397	Citrobacter	Novosphingobium	1.0	11	31	Throat	Throat	Throat	#ff5029	#ff5029	#ff5029	61
398	Novosphingobium	Conchiformibius	0.892946584967	31	37	Throat	Throat	Throat	#ff5029	#ff5029	#ff5029	61
399	Conchiformibius	Novosphingobium	0.892946584967	37	31	Throat	Throat	Throat	#ff5029	#ff5029	#ff5029	61
400	Novosphingobium	Flavobacterium	1.0	31	5	Throat	Throat	Throat	#ff5029	#ff5029	#ff5029	61
401	Flavobacterium	Novosphingobium	1.0	5	31	Throat	Throat	Throat	#ff5029	#ff5029	#ff5029	61
402	Novosphingobium	Janibacter	1.0	31	3	Throat	Throat	Throat	#ff5029	#ff5029	#ff5029	61
403	Janibacter	Novosphingobium	1.0	3	31	Throat	Throat	Throat	#ff5029	#ff5029	#ff5029	61
404	Paracoccus	Klebsiella	0.859221272681	16	1	Anterior_nares	Anterior_nares	Anterior_nares	#8000ff	#8000ff	#8000ff	61
405	Klebsiella	Paracoccus	0.859221272681	1	16	Anterior_nares	Anterior_nares	Anterior_nares	#8000ff	#8000ff	#8000ff	61
406	Paraprevotella	Enterorhabdus	0.998053877232	32	18	Stool	Stool	Stool	#b2f396	#b2f396	#b2f396	61
407	Enterorhabdus	Paraprevotella	0.998053877232	18	32	Stool	Stool	Stool	#b2f396	#b2f396	#b2f396	61
408	Paraprevotella	Hallella	0.998053877232	32	3	Stool	Stool	Stool	#b2f396	#b2f396	#b2f396	61
409	Hallella	Paraprevotella	0.998053877232	3	32	Stool	Stool	Stool	#b2f396	#b2f396	#b2f396	61
410	Parasutterella	Megamonas	0.858409425707	8	1	Stool	Stool	Stool	#b2f396	#b2f396	#b2f396	61
411	Megamonas	Parasutterella	0.858409425707	1	8	Stool	Stool	Stool	#b2f396	#b2f396	#b2f396	61
412	Parvimonas	Eggerthia	0.969127646247	1	3	Throat	Subgingival_plaque	Intertype	#ff5029	#e4cf74	#cccccc	61
413	Eggerthia	Parvimonas	0.969127646247	3	1	Subgingival_plaque	Throat	Intertype	#e4cf74	#ff5029	#cccccc	61
414	Pasteurella	Gallibacterium	0.809511635889	30	2	Buccal_mucosa	Attached	Intertype	#1996f3	#4e4dfc	#cccccc	61
415	Gallibacterium	Pasteurella	0.809511635889	2	30	Attached	Buccal_mucosa	Intertype	#4e4dfc	#1996f3	#cccccc	61
416	Pasteurella	Mannheimia	0.94204025686	30	1	Buccal_mucosa	Buccal_mucosa	Buccal_mucosa	#1996f3	#1996f3	#1996f3	61
417	Mannheimia	Pasteurella	0.94204025686	1	30	Buccal_mucosa	Buccal_mucosa	Buccal_mucosa	#1996f3	#1996f3	#1996f3	61
418	Pectobacterium	Brochothrix	0.99751267283	3	2	Saliva	Saliva	Saliva	#7effb5	#7effb5	#7effb5	61
419	Brochothrix	Pectobacterium	0.99751267283	2	3	Saliva	Saliva	Saliva	#7effb5	#7effb5	#7effb5	61
420	Pectobacterium	Leuconostoc	0.984865952368	3	13	Saliva	Saliva	Saliva	#7effb5	#7effb5	#7effb5	61
421	Leuconostoc	Pectobacterium	0.984865952368	13	3	Saliva	Saliva	Saliva	#7effb5	#7effb5	#7effb5	61
422	Pectobacterium	Mitsuokella	1.0	3	15	Saliva	Saliva	Saliva	#7effb5	#7effb5	#7effb5	61
423	Mitsuokella	Pectobacterium	1.0	15	3	Saliva	Saliva	Saliva	#7effb5	#7effb5	#7effb5	61
424	Pedobacter	Lelliottia	0.998049067384	3	29	Anterior_nares	Anterior_nares	Anterior_nares	#8000ff	#8000ff	#8000ff	61
425	Lelliottia	Pedobacter	0.998049067384	29	3	Anterior_nares	Anterior_nares	Anterior_nares	#8000ff	#8000ff	#8000ff	61
426	Phascolarctobacterium	Megamonas	0.817961847263	2	1	Stool	Stool	Stool	#b2f396	#b2f396	#b2f396	61
427	Megamonas	Phascolarctobacterium	0.817961847263	1	2	Stool	Stool	Stool	#b2f396	#b2f396	#b2f396	61
428	Photobacterium	Acinetobacter	0.996168686298	10	11	Anterior_nares	Anterior_nares	Anterior_nares	#8000ff	#8000ff	#8000ff	61
429	Acinetobacter	Photobacterium	0.996168686298	11	10	Anterior_nares	Anterior_nares	Anterior_nares	#8000ff	#8000ff	#8000ff	61
430	Photobacterium	Aliterella	1.0	10	21	Anterior_nares	Anterior_nares	Anterior_nares	#8000ff	#8000ff	#8000ff	61
431	Aliterella	Photobacterium	1.0	21	10	Anterior_nares	Anterior_nares	Anterior_nares	#8000ff	#8000ff	#8000ff	61
432	Photobacterium	Arthrobacter	1.0	10	1	Anterior_nares	Anterior_nares	Anterior_nares	#8000ff	#8000ff	#8000ff	61
433	Arthrobacter	Photobacterium	1.0	1	10	Anterior_nares	Anterior_nares	Anterior_nares	#8000ff	#8000ff	#8000ff	61
434	Photobacterium	Azohydromonas	1.0	10	1	Anterior_nares	Anterior_nares	Anterior_nares	#8000ff	#8000ff	#8000ff	61
435	Azohydromonas	Photobacterium	1.0	1	10	Anterior_nares	Anterior_nares	Anterior_nares	#8000ff	#8000ff	#8000ff	61
436	Photobacterium	Delftia	1.0	10	6	Anterior_nares	Anterior_nares	Anterior_nares	#8000ff	#8000ff	#8000ff	61
437	Delftia	Photobacterium	1.0	6	10	Anterior_nares	Anterior_nares	Anterior_nares	#8000ff	#8000ff	#8000ff	61
438	Photobacterium	Microvirga	1.0	10	12	Anterior_nares	Anterior_nares	Anterior_nares	#8000ff	#8000ff	#8000ff	61
439	Microvirga	Photobacterium	1.0	12	10	Anterior_nares	Anterior_nares	Anterior_nares	#8000ff	#8000ff	#8000ff	61
440	Photobacterium	Modestobacter	1.0	10	11	Anterior_nares	Anterior_nares	Anterior_nares	#8000ff	#8000ff	#8000ff	61
441	Modestobacter	Photobacterium	1.0	11	10	Anterior_nares	Anterior_nares	Anterior_nares	#8000ff	#8000ff	#8000ff	61
442	Proteiniphilum	Bibersteinia	0.892946584967	1	1	Buccal_mucosa	Buccal_mucosa	Buccal_mucosa	#1996f3	#1996f3	#1996f3	61
443	Bibersteinia	Proteiniphilum	0.892946584967	1	1	Buccal_mucosa	Buccal_mucosa	Buccal_mucosa	#1996f3	#1996f3	#1996f3	61
444	Pseudoflavonifractor	Coprobacillus	0.851785297241	21	34	Stool	Stool	Stool	#b2f396	#b2f396	#b2f396	61
445	Coprobacillus	Pseudoflavonifractor	0.851785297241	34	21	Stool	Stool	Stool	#b2f396	#b2f396	#b2f396	61
446	Pseudoflavonifractor	Gordonibacter	0.872291969295	21	2	Stool	Stool	Stool	#b2f396	#b2f396	#b2f396	61
447	Gordonibacter	Pseudoflavonifractor	0.872291969295	2	21	Stool	Stool	Stool	#b2f396	#b2f396	#b2f396	61
448	Pseudoflavonifractor	Hungatella	0.817837579063	21	8	Stool	Stool	Stool	#b2f396	#b2f396	#b2f396	61
449	Hungatella	Pseudoflavonifractor	0.817837579063	8	21	Stool	Stool	Stool	#b2f396	#b2f396	#b2f396	61
450	Pseudomonas	Bosea	0.843210515489	2	15	Mid_vagina	Posterior_fornix	Intertype	#18cde4	#4df3ce	#cccccc	61
451	Bosea	Pseudomonas	0.843210515489	15	2	Posterior_fornix	Mid_vagina	Intertype	#4df3ce	#18cde4	#cccccc	61
452	Pseudomonas	Fenollaria	0.843210515489	2	4	Mid_vagina	Posterior_fornix	Intertype	#18cde4	#4df3ce	#cccccc	61
453	Fenollaria	Pseudomonas	0.843210515489	4	2	Posterior_fornix	Mid_vagina	Intertype	#4df3ce	#18cde4	#cccccc	61
454	Psychrobacter	Leuconostoc	0.962029667238	1	13	Saliva	Saliva	Saliva	#7effb5	#7effb5	#7effb5	61
455	Leuconostoc	Psychrobacter	0.962029667238	13	1	Saliva	Saliva	Saliva	#7effb5	#7effb5	#7effb5	61
456	Psychrobacter	Mitsuokella	0.96570546037	1	15	Saliva	Saliva	Saliva	#7effb5	#7effb5	#7effb5	61
457	Mitsuokella	Psychrobacter	0.96570546037	15	1	Saliva	Saliva	Saliva	#7effb5	#7effb5	#7effb5	61
458	Psychrobacter	Pectobacterium	0.96570546037	1	3	Saliva	Saliva	Saliva	#7effb5	#7effb5	#7effb5	61
459	Pectobacterium	Psychrobacter	0.96570546037	3	1	Saliva	Saliva	Saliva	#7effb5	#7effb5	#7effb5	61
460	Rheinheimera	Acinetobacter	0.996168686298	2	11	Anterior_nares	Anterior_nares	Anterior_nares	#8000ff	#8000ff	#8000ff	61
461	Acinetobacter	Rheinheimera	0.996168686298	11	2	Anterior_nares	Anterior_nares	Anterior_nares	#8000ff	#8000ff	#8000ff	61
462	Rheinheimera	Aliterella	1.0	2	21	Anterior_nares	Anterior_nares	Anterior_nares	#8000ff	#8000ff	#8000ff	61
463	Aliterella	Rheinheimera	1.0	21	2	Anterior_nares	Anterior_nares	Anterior_nares	#8000ff	#8000ff	#8000ff	61
464	Rheinheimera	Arthrobacter	1.0	2	1	Anterior_nares	Anterior_nares	Anterior_nares	#8000ff	#8000ff	#8000ff	61
465	Arthrobacter	Rheinheimera	1.0	1	2	Anterior_nares	Anterior_nares	Anterior_nares	#8000ff	#8000ff	#8000ff	61
466	Rheinheimera	Azohydromonas	1.0	2	1	Anterior_nares	Anterior_nares	Anterior_nares	#8000ff	#8000ff	#8000ff	61
467	Azohydromonas	Rheinheimera	1.0	1	2	Anterior_nares	Anterior_nares	Anterior_nares	#8000ff	#8000ff	#8000ff	61
468	Rheinheimera	Delftia	1.0	2	6	Anterior_nares	Anterior_nares	Anterior_nares	#8000ff	#8000ff	#8000ff	61
469	Delftia	Rheinheimera	1.0	6	2	Anterior_nares	Anterior_nares	Anterior_nares	#8000ff	#8000ff	#8000ff	61
470	Rheinheimera	Microvirga	1.0	2	12	Anterior_nares	Anterior_nares	Anterior_nares	#8000ff	#8000ff	#8000ff	61
471	Microvirga	Rheinheimera	1.0	12	2	Anterior_nares	Anterior_nares	Anterior_nares	#8000ff	#8000ff	#8000ff	61
472	Rheinheimera	Modestobacter	1.0	2	11	Anterior_nares	Anterior_nares	Anterior_nares	#8000ff	#8000ff	#8000ff	61
473	Modestobacter	Rheinheimera	1.0	11	2	Anterior_nares	Anterior_nares	Anterior_nares	#8000ff	#8000ff	#8000ff	61
474	Rheinheimera	Photobacterium	1.0	2	10	Anterior_nares	Anterior_nares	Anterior_nares	#8000ff	#8000ff	#8000ff	61
475	Photobacterium	Rheinheimera	1.0	10	2	Anterior_nares	Anterior_nares	Anterior_nares	#8000ff	#8000ff	#8000ff	61
476	Rhodopseudomonas	Bosea	1.0	1	15	Posterior_fornix	Posterior_fornix	Posterior_fornix	#4df3ce	#4df3ce	#4df3ce	61
477	Bosea	Rhodopseudomonas	1.0	15	1	Posterior_fornix	Posterior_fornix	Posterior_fornix	#4df3ce	#4df3ce	#4df3ce	61
478	Rhodopseudomonas	Enhydrobacter	0.992248103726	1	10	Posterior_fornix	Posterior_fornix	Posterior_fornix	#4df3ce	#4df3ce	#4df3ce	61
479	Enhydrobacter	Rhodopseudomonas	0.992248103726	10	1	Posterior_fornix	Posterior_fornix	Posterior_fornix	#4df3ce	#4df3ce	#4df3ce	61
480	Rhodopseudomonas	Fenollaria	1.0	1	4	Posterior_fornix	Posterior_fornix	Posterior_fornix	#4df3ce	#4df3ce	#4df3ce	61
481	Fenollaria	Rhodopseudomonas	1.0	4	1	Posterior_fornix	Posterior_fornix	Posterior_fornix	#4df3ce	#4df3ce	#4df3ce	61
482	Rhodopseudomonas	Herbaspirillum	0.908943708578	1	1	Posterior_fornix	Mid_vagina	Intertype	#4df3ce	#18cde4	#cccccc	61
483	Herbaspirillum	Rhodopseudomonas	0.908943708578	1	1	Mid_vagina	Posterior_fornix	Intertype	#18cde4	#4df3ce	#cccccc	61
484	Rhodopseudomonas	Nocardia	0.904124250573	1	4	Posterior_fornix	Mid_vagina	Intertype	#4df3ce	#18cde4	#cccccc	61
485	Nocardia	Rhodopseudomonas	0.904124250573	4	1	Mid_vagina	Posterior_fornix	Intertype	#18cde4	#4df3ce	#cccccc	61
486	Rhodopseudomonas	Pseudomonas	0.843210515489	1	2	Posterior_fornix	Mid_vagina	Intertype	#4df3ce	#18cde4	#cccccc	61
487	Pseudomonas	Rhodopseudomonas	0.843210515489	2	1	Mid_vagina	Posterior_fornix	Intertype	#18cde4	#4df3ce	#cccccc	61
488	Rikenella	Acholeplasma	0.947139514814	1	13	Stool	Stool	Stool	#b2f396	#b2f396	#b2f396	61
489	Acholeplasma	Rikenella	0.947139514814	13	1	Stool	Stool	Stool	#b2f396	#b2f396	#b2f396	61
490	Risungbinella	Arcanobacterium	0.969911300836	2	12	Anterior_nares	Anterior_nares	Anterior_nares	#8000ff	#8000ff	#8000ff	61
491	Arcanobacterium	Risungbinella	0.969911300836	12	2	Anterior_nares	Anterior_nares	Anterior_nares	#8000ff	#8000ff	#8000ff	61
492	Risungbinella	Aureimonas	1.0	2	13	Anterior_nares	Anterior_nares	Anterior_nares	#8000ff	#8000ff	#8000ff	61
493	Aureimonas	Risungbinella	1.0	13	2	Anterior_nares	Anterior_nares	Anterior_nares	#8000ff	#8000ff	#8000ff	61
494	Risungbinella	Crocosphaera	1.0	2	1	Anterior_nares	Anterior_nares	Anterior_nares	#8000ff	#8000ff	#8000ff	61
495	Crocosphaera	Risungbinella	1.0	1	2	Anterior_nares	Anterior_nares	Anterior_nares	#8000ff	#8000ff	#8000ff	61
496	Risungbinella	Exiguobacterium	0.980459624497	2	5	Anterior_nares	Anterior_nares	Anterior_nares	#8000ff	#8000ff	#8000ff	61
497	Exiguobacterium	Risungbinella	0.980459624497	5	2	Anterior_nares	Anterior_nares	Anterior_nares	#8000ff	#8000ff	#8000ff	61
498	Risungbinella	Gulbenkiania	1.0	2	1	Anterior_nares	Anterior_nares	Anterior_nares	#8000ff	#8000ff	#8000ff	61
499	Gulbenkiania	Risungbinella	1.0	1	2	Anterior_nares	Anterior_nares	Anterior_nares	#8000ff	#8000ff	#8000ff	61
500	Risungbinella	Helicobacter	1.0	2	15	Anterior_nares	Anterior_nares	Anterior_nares	#8000ff	#8000ff	#8000ff	61
501	Helicobacter	Risungbinella	1.0	15	2	Anterior_nares	Anterior_nares	Anterior_nares	#8000ff	#8000ff	#8000ff	61
502	Risungbinella	Kocuria	0.866149823784	2	4	Anterior_nares	Anterior_nares	Anterior_nares	#8000ff	#8000ff	#8000ff	61
503	Kocuria	Risungbinella	0.866149823784	4	2	Anterior_nares	Anterior_nares	Anterior_nares	#8000ff	#8000ff	#8000ff	61
504	Risungbinella	Leucobacter	0.9949996224	2	5	Anterior_nares	Anterior_nares	Anterior_nares	#8000ff	#8000ff	#8000ff	61
505	Leucobacter	Risungbinella	0.9949996224	5	2	Anterior_nares	Anterior_nares	Anterior_nares	#8000ff	#8000ff	#8000ff	61
506	Risungbinella	Methylobacterium	0.980459624497	2	3	Anterior_nares	Anterior_nares	Anterior_nares	#8000ff	#8000ff	#8000ff	61
507	Methylobacterium	Risungbinella	0.980459624497	3	2	Anterior_nares	Anterior_nares	Anterior_nares	#8000ff	#8000ff	#8000ff	61
508	Risungbinella	Microbacterium	1.0	2	4	Anterior_nares	Anterior_nares	Anterior_nares	#8000ff	#8000ff	#8000ff	61
509	Microbacterium	Risungbinella	1.0	4	2	Anterior_nares	Anterior_nares	Anterior_nares	#8000ff	#8000ff	#8000ff	61
510	Risungbinella	Micrococcus	0.829208541656	2	5	Anterior_nares	Anterior_nares	Anterior_nares	#8000ff	#8000ff	#8000ff	61
511	Micrococcus	Risungbinella	0.829208541656	5	2	Anterior_nares	Anterior_nares	Anterior_nares	#8000ff	#8000ff	#8000ff	61
512	Sanguibacteroides	Megamonas	0.948165574861	10	1	Stool	Stool	Stool	#b2f396	#b2f396	#b2f396	61
513	Megamonas	Sanguibacteroides	0.948165574861	1	10	Stool	Stool	Stool	#b2f396	#b2f396	#b2f396	61
514	Sanguibacteroides	Phascolarctobacterium	0.836555133417	10	2	Stool	Stool	Stool	#b2f396	#b2f396	#b2f396	61
515	Phascolarctobacterium	Sanguibacteroides	0.836555133417	2	10	Stool	Stool	Stool	#b2f396	#b2f396	#b2f396	61
516	Senegalimassilia	Acholeplasma	0.809547547485	3	13	Stool	Stool	Stool	#b2f396	#b2f396	#b2f396	61
517	Acholeplasma	Senegalimassilia	0.809547547485	13	3	Stool	Stool	Stool	#b2f396	#b2f396	#b2f396	61
518	Senegalimassilia	Acidaminococcus	1.0	3	3	Stool	Stool	Stool	#b2f396	#b2f396	#b2f396	61
519	Acidaminococcus	Senegalimassilia	1.0	3	3	Stool	Stool	Stool	#b2f396	#b2f396	#b2f396	61
520	Serratia	Brochothrix	0.998695914404	35	2	Saliva	Saliva	Saliva	#7effb5	#7effb5	#7effb5	61
521	Brochothrix	Serratia	0.998695914404	2	35	Saliva	Saliva	Saliva	#7effb5	#7effb5	#7effb5	61
522	Serratia	Leuconostoc	0.992263156736	35	13	Saliva	Saliva	Saliva	#7effb5	#7effb5	#7effb5	61
523	Leuconostoc	Serratia	0.992263156736	13	35	Saliva	Saliva	Saliva	#7effb5	#7effb5	#7effb5	61
524	Serratia	Mitsuokella	0.993862917052	35	15	Saliva	Saliva	Saliva	#7effb5	#7effb5	#7effb5	61
525	Mitsuokella	Serratia	0.993862917052	15	35	Saliva	Saliva	Saliva	#7effb5	#7effb5	#7effb5	61
526	Serratia	Pectobacterium	0.993862917052	35	3	Saliva	Saliva	Saliva	#7effb5	#7effb5	#7effb5	61
527	Pectobacterium	Serratia	0.993862917052	3	35	Saliva	Saliva	Saliva	#7effb5	#7effb5	#7effb5	61
528	Serratia	Psychrobacter	0.970501052142	35	1	Saliva	Saliva	Saliva	#7effb5	#7effb5	#7effb5	61
529	Psychrobacter	Serratia	0.970501052142	1	35	Saliva	Saliva	Saliva	#7effb5	#7effb5	#7effb5	61
530	Shuttleworthia	Aureimonas	0.814277360024	3	13	Subgingival_plaque	Anterior_nares	Intertype	#e4cf74	#8000ff	#cccccc	61
531	Aureimonas	Shuttleworthia	0.814277360024	13	3	Anterior_nares	Subgingival_plaque	Intertype	#8000ff	#e4cf74	#cccccc	61
532	Shuttleworthia	Crocosphaera	0.814277360024	3	1	Subgingival_plaque	Anterior_nares	Intertype	#e4cf74	#8000ff	#cccccc	61
533	Crocosphaera	Shuttleworthia	0.814277360024	1	3	Anterior_nares	Subgingival_plaque	Intertype	#8000ff	#e4cf74	#cccccc	61
534	Shuttleworthia	Gulbenkiania	0.814277360024	3	1	Subgingival_plaque	Anterior_nares	Intertype	#e4cf74	#8000ff	#cccccc	61
535	Gulbenkiania	Shuttleworthia	0.814277360024	1	3	Anterior_nares	Subgingival_plaque	Intertype	#8000ff	#e4cf74	#cccccc	61
536	Shuttleworthia	Helicobacter	0.814277360024	3	15	Subgingival_plaque	Anterior_nares	Intertype	#e4cf74	#8000ff	#cccccc	61
537	Helicobacter	Shuttleworthia	0.814277360024	15	3	Anterior_nares	Subgingival_plaque	Intertype	#8000ff	#e4cf74	#cccccc	61
538	Shuttleworthia	Leucobacter	0.808206452711	3	5	Subgingival_plaque	Anterior_nares	Intertype	#e4cf74	#8000ff	#cccccc	61
539	Leucobacter	Shuttleworthia	0.808206452711	5	3	Anterior_nares	Subgingival_plaque	Intertype	#8000ff	#e4cf74	#cccccc	61
540	Shuttleworthia	Microbacterium	0.814277360024	3	4	Subgingival_plaque	Anterior_nares	Intertype	#e4cf74	#8000ff	#cccccc	61
541	Microbacterium	Shuttleworthia	0.814277360024	4	3	Anterior_nares	Subgingival_plaque	Intertype	#8000ff	#e4cf74	#cccccc	61
542	Shuttleworthia	Risungbinella	0.814277360024	3	2	Subgingival_plaque	Anterior_nares	Intertype	#e4cf74	#8000ff	#cccccc	61
543	Risungbinella	Shuttleworthia	0.814277360024	2	3	Anterior_nares	Subgingival_plaque	Intertype	#8000ff	#e4cf74	#cccccc	61
544	Simonsiella	Alysiella	0.998642018315	1	29	Attached	Attached	Attached	#4e4dfc	#4e4dfc	#4e4dfc	61
545	Alysiella	Simonsiella	0.998642018315	29	1	Attached	Attached	Attached	#4e4dfc	#4e4dfc	#4e4dfc	61
546	Sinorhizobium	Cellulomonas	0.97902067588	1	10	Stool	Stool	Stool	#b2f396	#b2f396	#b2f396	61
547	Cellulomonas	Sinorhizobium	0.97902067588	10	1	Stool	Stool	Stool	#b2f396	#b2f396	#b2f396	61
548	Sinorhizobium	Enterorhabdus	0.988884786208	1	18	Stool	Stool	Stool	#b2f396	#b2f396	#b2f396	61
549	Enterorhabdus	Sinorhizobium	0.988884786208	18	1	Stool	Stool	Stool	#b2f396	#b2f396	#b2f396	61
550	Sinorhizobium	Hallella	0.988884786208	1	3	Stool	Stool	Stool	#b2f396	#b2f396	#b2f396	61
551	Hallella	Sinorhizobium	0.988884786208	3	1	Stool	Stool	Stool	#b2f396	#b2f396	#b2f396	61
552	Sneathia	Mageeibacillus	0.986101892652	21	6	Posterior_fornix	Posterior_fornix	Posterior_fornix	#4df3ce	#4df3ce	#4df3ce	61
553	Mageeibacillus	Sneathia	0.986101892652	6	21	Posterior_fornix	Posterior_fornix	Posterior_fornix	#4df3ce	#4df3ce	#4df3ce	61
554	Sneathia	Mobiluncus	0.998440061291	21	16	Posterior_fornix	Posterior_fornix	Posterior_fornix	#4df3ce	#4df3ce	#4df3ce	61
555	Mobiluncus	Sneathia	0.998440061291	16	21	Posterior_fornix	Posterior_fornix	Posterior_fornix	#4df3ce	#4df3ce	#4df3ce	61
556	Sphingobacterium	Klebsiella	0.997279191113	34	1	Anterior_nares	Anterior_nares	Anterior_nares	#8000ff	#8000ff	#8000ff	61
557	Klebsiella	Sphingobacterium	0.997279191113	1	34	Anterior_nares	Anterior_nares	Anterior_nares	#8000ff	#8000ff	#8000ff	61
558	Sphingobacterium	Paracoccus	0.855510252797	34	16	Anterior_nares	Anterior_nares	Anterior_nares	#8000ff	#8000ff	#8000ff	61
559	Paracoccus	Sphingobacterium	0.855510252797	16	34	Anterior_nares	Anterior_nares	Anterior_nares	#8000ff	#8000ff	#8000ff	61
560	Sphingobium	Aliterella	0.90991417059	17	21	Mid_vagina	Anterior_nares	Intertype	#18cde4	#8000ff	#cccccc	61
561	Aliterella	Sphingobium	0.90991417059	21	17	Anterior_nares	Mid_vagina	Intertype	#8000ff	#18cde4	#cccccc	61
562	Sphingobium	Arthrobacter	0.90991417059	17	1	Mid_vagina	Anterior_nares	Intertype	#18cde4	#8000ff	#cccccc	61
563	Arthrobacter	Sphingobium	0.90991417059	1	17	Anterior_nares	Mid_vagina	Intertype	#8000ff	#18cde4	#cccccc	61
564	Sphingobium	Azohydromonas	0.90991417059	17	1	Mid_vagina	Anterior_nares	Intertype	#18cde4	#8000ff	#cccccc	61
565	Azohydromonas	Sphingobium	0.90991417059	1	17	Anterior_nares	Mid_vagina	Intertype	#8000ff	#18cde4	#cccccc	61
566	Sphingobium	Delftia	0.90991417059	17	6	Mid_vagina	Anterior_nares	Intertype	#18cde4	#8000ff	#cccccc	61
567	Delftia	Sphingobium	0.90991417059	6	17	Anterior_nares	Mid_vagina	Intertype	#8000ff	#18cde4	#cccccc	61
568	Sphingobium	Microvirga	0.90991417059	17	12	Mid_vagina	Anterior_nares	Intertype	#18cde4	#8000ff	#cccccc	61
569	Microvirga	Sphingobium	0.90991417059	12	17	Anterior_nares	Mid_vagina	Intertype	#8000ff	#18cde4	#cccccc	61
570	Sphingobium	Modestobacter	0.90991417059	17	11	Mid_vagina	Anterior_nares	Intertype	#18cde4	#8000ff	#cccccc	61
571	Modestobacter	Sphingobium	0.90991417059	11	17	Anterior_nares	Mid_vagina	Intertype	#8000ff	#18cde4	#cccccc	61
572	Sphingobium	Photobacterium	0.90991417059	17	10	Mid_vagina	Anterior_nares	Intertype	#18cde4	#8000ff	#cccccc	61
573	Photobacterium	Sphingobium	0.90991417059	10	17	Anterior_nares	Mid_vagina	Intertype	#8000ff	#18cde4	#cccccc	61
574	Sphingobium	Rheinheimera	0.90991417059	17	2	Mid_vagina	Anterior_nares	Intertype	#18cde4	#8000ff	#cccccc	61
575	Rheinheimera	Sphingobium	0.90991417059	2	17	Anterior_nares	Mid_vagina	Intertype	#8000ff	#18cde4	#cccccc	61
576	Sphingomonas	Aliterella	0.930744179393	14	21	Anterior_nares	Anterior_nares	Anterior_nares	#8000ff	#8000ff	#8000ff	61
577	Aliterella	Sphingomonas	0.930744179393	21	14	Anterior_nares	Anterior_nares	Anterior_nares	#8000ff	#8000ff	#8000ff	61
578	Sphingomonas	Arthrobacter	0.930744179393	14	1	Anterior_nares	Anterior_nares	Anterior_nares	#8000ff	#8000ff	#8000ff	61
579	Arthrobacter	Sphingomonas	0.930744179393	1	14	Anterior_nares	Anterior_nares	Anterior_nares	#8000ff	#8000ff	#8000ff	61
580	Sphingomonas	Azohydromonas	0.930744179393	14	1	Anterior_nares	Anterior_nares	Anterior_nares	#8000ff	#8000ff	#8000ff	61
581	Azohydromonas	Sphingomonas	0.930744179393	1	14	Anterior_nares	Anterior_nares	Anterior_nares	#8000ff	#8000ff	#8000ff	61
582	Sphingomonas	Delftia	0.930744179393	14	6	Anterior_nares	Anterior_nares	Anterior_nares	#8000ff	#8000ff	#8000ff	61
583	Delftia	Sphingomonas	0.930744179393	6	14	Anterior_nares	Anterior_nares	Anterior_nares	#8000ff	#8000ff	#8000ff	61
584	Sphingomonas	Microvirga	0.930744179393	14	12	Anterior_nares	Anterior_nares	Anterior_nares	#8000ff	#8000ff	#8000ff	61
585	Microvirga	Sphingomonas	0.930744179393	12	14	Anterior_nares	Anterior_nares	Anterior_nares	#8000ff	#8000ff	#8000ff	61
586	Sphingomonas	Modestobacter	0.930744179393	14	11	Anterior_nares	Anterior_nares	Anterior_nares	#8000ff	#8000ff	#8000ff	61
587	Modestobacter	Sphingomonas	0.930744179393	11	14	Anterior_nares	Anterior_nares	Anterior_nares	#8000ff	#8000ff	#8000ff	61
588	Sphingomonas	Photobacterium	0.930744179393	14	10	Anterior_nares	Anterior_nares	Anterior_nares	#8000ff	#8000ff	#8000ff	61
589	Photobacterium	Sphingomonas	0.930744179393	10	14	Anterior_nares	Anterior_nares	Anterior_nares	#8000ff	#8000ff	#8000ff	61
590	Sphingomonas	Rheinheimera	0.930744179393	14	2	Anterior_nares	Anterior_nares	Anterior_nares	#8000ff	#8000ff	#8000ff	61
591	Rheinheimera	Sphingomonas	0.930744179393	2	14	Anterior_nares	Anterior_nares	Anterior_nares	#8000ff	#8000ff	#8000ff	61
592	Sphingomonas	Sphingobium	0.900343512136	14	17	Anterior_nares	Mid_vagina	Intertype	#8000ff	#18cde4	#cccccc	61
593	Sphingobium	Sphingomonas	0.900343512136	17	14	Mid_vagina	Anterior_nares	Intertype	#18cde4	#8000ff	#cccccc	61
594	Sphingopyxis	Bosea	0.848136899963	5	15	Mid_vagina	Posterior_fornix	Intertype	#18cde4	#4df3ce	#cccccc	61
595	Bosea	Sphingopyxis	0.848136899963	15	5	Posterior_fornix	Mid_vagina	Intertype	#4df3ce	#18cde4	#cccccc	61
596	Sphingopyxis	Enhydrobacter	0.855315513566	5	10	Mid_vagina	Posterior_fornix	Intertype	#18cde4	#4df3ce	#cccccc	61
597	Enhydrobacter	Sphingopyxis	0.855315513566	10	5	Posterior_fornix	Mid_vagina	Intertype	#4df3ce	#18cde4	#cccccc	61
598	Sphingopyxis	Fenollaria	0.848136899963	5	4	Mid_vagina	Posterior_fornix	Intertype	#18cde4	#4df3ce	#cccccc	61
599	Fenollaria	Sphingopyxis	0.848136899963	4	5	Posterior_fornix	Mid_vagina	Intertype	#4df3ce	#18cde4	#cccccc	61
600	Sphingopyxis	Herbaspirillum	0.973125726943	5	1	Mid_vagina	Mid_vagina	Mid_vagina	#18cde4	#18cde4	#18cde4	61
601	Herbaspirillum	Sphingopyxis	0.973125726943	1	5	Mid_vagina	Mid_vagina	Mid_vagina	#18cde4	#18cde4	#18cde4	61
602	Sphingopyxis	Nocardia	0.948799559392	5	4	Mid_vagina	Mid_vagina	Mid_vagina	#18cde4	#18cde4	#18cde4	61
603	Nocardia	Sphingopyxis	0.948799559392	4	5	Mid_vagina	Mid_vagina	Mid_vagina	#18cde4	#18cde4	#18cde4	61
604	Sphingopyxis	Rhodopseudomonas	0.848136899963	5	1	Mid_vagina	Posterior_fornix	Intertype	#18cde4	#4df3ce	#cccccc	61
605	Rhodopseudomonas	Sphingopyxis	0.848136899963	1	5	Posterior_fornix	Mid_vagina	Intertype	#4df3ce	#18cde4	#cccccc	61
606	Stenotrophomonas	Aliterella	0.807596622186	2	21	Anterior_nares	Anterior_nares	Anterior_nares	#8000ff	#8000ff	#8000ff	61
607	Aliterella	Stenotrophomonas	0.807596622186	21	2	Anterior_nares	Anterior_nares	Anterior_nares	#8000ff	#8000ff	#8000ff	61
608	Stenotrophomonas	Arthrobacter	0.807596622186	2	1	Anterior_nares	Anterior_nares	Anterior_nares	#8000ff	#8000ff	#8000ff	61
609	Arthrobacter	Stenotrophomonas	0.807596622186	1	2	Anterior_nares	Anterior_nares	Anterior_nares	#8000ff	#8000ff	#8000ff	61
610	Stenotrophomonas	Azohydromonas	0.807596622186	2	1	Anterior_nares	Anterior_nares	Anterior_nares	#8000ff	#8000ff	#8000ff	61
611	Azohydromonas	Stenotrophomonas	0.807596622186	1	2	Anterior_nares	Anterior_nares	Anterior_nares	#8000ff	#8000ff	#8000ff	61
612	Stenotrophomonas	Delftia	0.807596622186	2	6	Anterior_nares	Anterior_nares	Anterior_nares	#8000ff	#8000ff	#8000ff	61
613	Delftia	Stenotrophomonas	0.807596622186	6	2	Anterior_nares	Anterior_nares	Anterior_nares	#8000ff	#8000ff	#8000ff	61
614	Stenotrophomonas	Microvirga	0.807596622186	2	12	Anterior_nares	Anterior_nares	Anterior_nares	#8000ff	#8000ff	#8000ff	61
615	Microvirga	Stenotrophomonas	0.807596622186	12	2	Anterior_nares	Anterior_nares	Anterior_nares	#8000ff	#8000ff	#8000ff	61
616	Stenotrophomonas	Modestobacter	0.807596622186	2	11	Anterior_nares	Anterior_nares	Anterior_nares	#8000ff	#8000ff	#8000ff	61
617	Modestobacter	Stenotrophomonas	0.807596622186	11	2	Anterior_nares	Anterior_nares	Anterior_nares	#8000ff	#8000ff	#8000ff	61
618	Stenotrophomonas	Photobacterium	0.807596622186	2	10	Anterior_nares	Anterior_nares	Anterior_nares	#8000ff	#8000ff	#8000ff	61
619	Photobacterium	Stenotrophomonas	0.807596622186	10	2	Anterior_nares	Anterior_nares	Anterior_nares	#8000ff	#8000ff	#8000ff	61
620	Stenotrophomonas	Rheinheimera	0.807596622186	2	2	Anterior_nares	Anterior_nares	Anterior_nares	#8000ff	#8000ff	#8000ff	61
621	Rheinheimera	Stenotrophomonas	0.807596622186	2	2	Anterior_nares	Anterior_nares	Anterior_nares	#8000ff	#8000ff	#8000ff	61
622	Stenotrophomonas	Sphingomonas	0.868131773537	2	14	Anterior_nares	Anterior_nares	Anterior_nares	#8000ff	#8000ff	#8000ff	61
623	Sphingomonas	Stenotrophomonas	0.868131773537	14	2	Anterior_nares	Anterior_nares	Anterior_nares	#8000ff	#8000ff	#8000ff	61
624	Streptobacillus	Actinobacillus	0.988872788788	7	23	Buccal_mucosa	Buccal_mucosa	Buccal_mucosa	#1996f3	#1996f3	#1996f3	61
625	Actinobacillus	Streptobacillus	0.988872788788	23	7	Buccal_mucosa	Buccal_mucosa	Buccal_mucosa	#1996f3	#1996f3	#1996f3	61
626	Streptobacillus	Avibacterium	0.809547547485	7	2	Buccal_mucosa	Buccal_mucosa	Buccal_mucosa	#1996f3	#1996f3	#1996f3	61
627	Avibacterium	Streptobacillus	0.809547547485	2	7	Buccal_mucosa	Buccal_mucosa	Buccal_mucosa	#1996f3	#1996f3	#1996f3	61
628	Streptobacillus	Basfia	1.0	7	3	Buccal_mucosa	Buccal_mucosa	Buccal_mucosa	#1996f3	#1996f3	#1996f3	61
629	Basfia	Streptobacillus	1.0	3	7	Buccal_mucosa	Buccal_mucosa	Buccal_mucosa	#1996f3	#1996f3	#1996f3	61
630	Streptobacillus	Bibersteinia	0.947079436721	7	1	Buccal_mucosa	Buccal_mucosa	Buccal_mucosa	#1996f3	#1996f3	#1996f3	61
631	Bibersteinia	Streptobacillus	0.947079436721	1	7	Buccal_mucosa	Buccal_mucosa	Buccal_mucosa	#1996f3	#1996f3	#1996f3	61
632	Streptobacillus	Dehalobacter	1.0	7	25	Buccal_mucosa	Buccal_mucosa	Buccal_mucosa	#1996f3	#1996f3	#1996f3	61
633	Dehalobacter	Streptobacillus	1.0	25	7	Buccal_mucosa	Buccal_mucosa	Buccal_mucosa	#1996f3	#1996f3	#1996f3	61
634	Streptobacillus	Echinicola	1.0	7	29	Buccal_mucosa	Buccal_mucosa	Buccal_mucosa	#1996f3	#1996f3	#1996f3	61
635	Echinicola	Streptobacillus	1.0	29	7	Buccal_mucosa	Buccal_mucosa	Buccal_mucosa	#1996f3	#1996f3	#1996f3	61
636	Streptobacillus	Gallibacterium	0.880966552491	7	2	Buccal_mucosa	Attached	Intertype	#1996f3	#4e4dfc	#cccccc	61
637	Gallibacterium	Streptobacillus	0.880966552491	2	7	Attached	Buccal_mucosa	Intertype	#4e4dfc	#1996f3	#cccccc	61
638	Streptobacillus	Mangrovimonas	1.0	7	29	Buccal_mucosa	Buccal_mucosa	Buccal_mucosa	#1996f3	#1996f3	#1996f3	61
639	Mangrovimonas	Streptobacillus	1.0	29	7	Buccal_mucosa	Buccal_mucosa	Buccal_mucosa	#1996f3	#1996f3	#1996f3	61
640	Streptobacillus	Mannheimia	0.835211648257	7	1	Buccal_mucosa	Buccal_mucosa	Buccal_mucosa	#1996f3	#1996f3	#1996f3	61
641	Mannheimia	Streptobacillus	0.835211648257	1	7	Buccal_mucosa	Buccal_mucosa	Buccal_mucosa	#1996f3	#1996f3	#1996f3	61
642	Streptobacillus	Necropsobacter	0.809547547485	7	1	Buccal_mucosa	Buccal_mucosa	Buccal_mucosa	#1996f3	#1996f3	#1996f3	61
643	Necropsobacter	Streptobacillus	0.809547547485	1	7	Buccal_mucosa	Buccal_mucosa	Buccal_mucosa	#1996f3	#1996f3	#1996f3	61
644	Streptomyces	Arcanobacterium	0.969911300836	11	12	Anterior_nares	Anterior_nares	Anterior_nares	#8000ff	#8000ff	#8000ff	61
645	Arcanobacterium	Streptomyces	0.969911300836	12	11	Anterior_nares	Anterior_nares	Anterior_nares	#8000ff	#8000ff	#8000ff	61
646	Streptomyces	Aureimonas	1.0	11	13	Anterior_nares	Anterior_nares	Anterior_nares	#8000ff	#8000ff	#8000ff	61
647	Aureimonas	Streptomyces	1.0	13	11	Anterior_nares	Anterior_nares	Anterior_nares	#8000ff	#8000ff	#8000ff	61
648	Streptomyces	Crocosphaera	1.0	11	1	Anterior_nares	Anterior_nares	Anterior_nares	#8000ff	#8000ff	#8000ff	61
649	Crocosphaera	Streptomyces	1.0	1	11	Anterior_nares	Anterior_nares	Anterior_nares	#8000ff	#8000ff	#8000ff	61
650	Streptomyces	Exiguobacterium	0.980459624497	11	5	Anterior_nares	Anterior_nares	Anterior_nares	#8000ff	#8000ff	#8000ff	61
651	Exiguobacterium	Streptomyces	0.980459624497	5	11	Anterior_nares	Anterior_nares	Anterior_nares	#8000ff	#8000ff	#8000ff	61
652	Streptomyces	Gulbenkiania	1.0	11	1	Anterior_nares	Anterior_nares	Anterior_nares	#8000ff	#8000ff	#8000ff	61
653	Gulbenkiania	Streptomyces	1.0	1	11	Anterior_nares	Anterior_nares	Anterior_nares	#8000ff	#8000ff	#8000ff	61
654	Streptomyces	Helicobacter	1.0	11	15	Anterior_nares	Anterior_nares	Anterior_nares	#8000ff	#8000ff	#8000ff	61
655	Helicobacter	Streptomyces	1.0	15	11	Anterior_nares	Anterior_nares	Anterior_nares	#8000ff	#8000ff	#8000ff	61
656	Streptomyces	Kocuria	0.866149823784	11	4	Anterior_nares	Anterior_nares	Anterior_nares	#8000ff	#8000ff	#8000ff	61
657	Kocuria	Streptomyces	0.866149823784	4	11	Anterior_nares	Anterior_nares	Anterior_nares	#8000ff	#8000ff	#8000ff	61
658	Streptomyces	Leucobacter	0.9949996224	11	5	Anterior_nares	Anterior_nares	Anterior_nares	#8000ff	#8000ff	#8000ff	61
659	Leucobacter	Streptomyces	0.9949996224	5	11	Anterior_nares	Anterior_nares	Anterior_nares	#8000ff	#8000ff	#8000ff	61
660	Streptomyces	Methylobacterium	0.980459624497	11	3	Anterior_nares	Anterior_nares	Anterior_nares	#8000ff	#8000ff	#8000ff	61
661	Methylobacterium	Streptomyces	0.980459624497	3	11	Anterior_nares	Anterior_nares	Anterior_nares	#8000ff	#8000ff	#8000ff	61
662	Streptomyces	Microbacterium	1.0	11	4	Anterior_nares	Anterior_nares	Anterior_nares	#8000ff	#8000ff	#8000ff	61
663	Microbacterium	Streptomyces	1.0	4	11	Anterior_nares	Anterior_nares	Anterior_nares	#8000ff	#8000ff	#8000ff	61
664	Streptomyces	Micrococcus	0.829208541656	11	5	Anterior_nares	Anterior_nares	Anterior_nares	#8000ff	#8000ff	#8000ff	61
665	Micrococcus	Streptomyces	0.829208541656	5	11	Anterior_nares	Anterior_nares	Anterior_nares	#8000ff	#8000ff	#8000ff	61
666	Streptomyces	Risungbinella	1.0	11	2	Anterior_nares	Anterior_nares	Anterior_nares	#8000ff	#8000ff	#8000ff	61
667	Risungbinella	Streptomyces	1.0	2	11	Anterior_nares	Anterior_nares	Anterior_nares	#8000ff	#8000ff	#8000ff	61
668	Streptomyces	Shuttleworthia	0.814277360024	11	3	Anterior_nares	Subgingival_plaque	Intertype	#8000ff	#e4cf74	#cccccc	61
669	Shuttleworthia	Streptomyces	0.814277360024	3	11	Subgingival_plaque	Anterior_nares	Intertype	#e4cf74	#8000ff	#cccccc	61
670	Subdoligranulum	Faecalitalea	0.804416836455	20	1	Stool	Stool	Stool	#b2f396	#b2f396	#b2f396	61
671	Faecalitalea	Subdoligranulum	0.804416836455	1	20	Stool	Stool	Stool	#b2f396	#b2f396	#b2f396	61
672	Subdoligranulum	Marvinbryantia	0.911119348275	20	41	Stool	Stool	Stool	#b2f396	#b2f396	#b2f396	61
673	Marvinbryantia	Subdoligranulum	0.911119348275	41	20	Stool	Stool	Stool	#b2f396	#b2f396	#b2f396	61
674	Tepidiphilus	Acinetobacter	0.996168686298	1	11	Anterior_nares	Anterior_nares	Anterior_nares	#8000ff	#8000ff	#8000ff	61
675	Acinetobacter	Tepidiphilus	0.996168686298	11	1	Anterior_nares	Anterior_nares	Anterior_nares	#8000ff	#8000ff	#8000ff	61
676	Tepidiphilus	Aliterella	1.0	1	21	Anterior_nares	Anterior_nares	Anterior_nares	#8000ff	#8000ff	#8000ff	61
677	Aliterella	Tepidiphilus	1.0	21	1	Anterior_nares	Anterior_nares	Anterior_nares	#8000ff	#8000ff	#8000ff	61
678	Tepidiphilus	Arthrobacter	1.0	1	1	Anterior_nares	Anterior_nares	Anterior_nares	#8000ff	#8000ff	#8000ff	61
679	Arthrobacter	Tepidiphilus	1.0	1	1	Anterior_nares	Anterior_nares	Anterior_nares	#8000ff	#8000ff	#8000ff	61
680	Tepidiphilus	Azohydromonas	1.0	1	1	Anterior_nares	Anterior_nares	Anterior_nares	#8000ff	#8000ff	#8000ff	61
681	Azohydromonas	Tepidiphilus	1.0	1	1	Anterior_nares	Anterior_nares	Anterior_nares	#8000ff	#8000ff	#8000ff	61
682	Tepidiphilus	Delftia	1.0	1	6	Anterior_nares	Anterior_nares	Anterior_nares	#8000ff	#8000ff	#8000ff	61
683	Delftia	Tepidiphilus	1.0	6	1	Anterior_nares	Anterior_nares	Anterior_nares	#8000ff	#8000ff	#8000ff	61
684	Tepidiphilus	Microvirga	1.0	1	12	Anterior_nares	Anterior_nares	Anterior_nares	#8000ff	#8000ff	#8000ff	61
685	Microvirga	Tepidiphilus	1.0	12	1	Anterior_nares	Anterior_nares	Anterior_nares	#8000ff	#8000ff	#8000ff	61
686	Tepidiphilus	Modestobacter	1.0	1	11	Anterior_nares	Anterior_nares	Anterior_nares	#8000ff	#8000ff	#8000ff	61
687	Modestobacter	Tepidiphilus	1.0	11	1	Anterior_nares	Anterior_nares	Anterior_nares	#8000ff	#8000ff	#8000ff	61
688	Tepidiphilus	Photobacterium	1.0	1	10	Anterior_nares	Anterior_nares	Anterior_nares	#8000ff	#8000ff	#8000ff	61
689	Photobacterium	Tepidiphilus	1.0	10	1	Anterior_nares	Anterior_nares	Anterior_nares	#8000ff	#8000ff	#8000ff	61
690	Tepidiphilus	Rheinheimera	1.0	1	2	Anterior_nares	Anterior_nares	Anterior_nares	#8000ff	#8000ff	#8000ff	61
691	Rheinheimera	Tepidiphilus	1.0	2	1	Anterior_nares	Anterior_nares	Anterior_nares	#8000ff	#8000ff	#8000ff	61
692	Tepidiphilus	Sphingobium	0.90991417059	1	17	Anterior_nares	Mid_vagina	Intertype	#8000ff	#18cde4	#cccccc	61
693	Sphingobium	Tepidiphilus	0.90991417059	17	1	Mid_vagina	Anterior_nares	Intertype	#18cde4	#8000ff	#cccccc	61
694	Tepidiphilus	Sphingomonas	0.930744179393	1	14	Anterior_nares	Anterior_nares	Anterior_nares	#8000ff	#8000ff	#8000ff	61
695	Sphingomonas	Tepidiphilus	0.930744179393	14	1	Anterior_nares	Anterior_nares	Anterior_nares	#8000ff	#8000ff	#8000ff	61
696	Tepidiphilus	Stenotrophomonas	0.807596622186	1	2	Anterior_nares	Anterior_nares	Anterior_nares	#8000ff	#8000ff	#8000ff	61
697	Stenotrophomonas	Tepidiphilus	0.807596622186	2	1	Anterior_nares	Anterior_nares	Anterior_nares	#8000ff	#8000ff	#8000ff	61
698	Terrisporobacter	Anaerostipes	0.890629181525	2	2	Stool	Stool	Stool	#b2f396	#b2f396	#b2f396	61
699	Anaerostipes	Terrisporobacter	0.890629181525	2	2	Stool	Stool	Stool	#b2f396	#b2f396	#b2f396	61
700	Thauera	Scardovia	0.945669015983	25	12	Supragingival_plaque	Supragingival_plaque	Supragingival_plaque	#ff964f	#ff964f	#ff964f	61
701	Scardovia	Thauera	0.945669015983	12	25	Supragingival_plaque	Supragingival_plaque	Supragingival_plaque	#ff964f	#ff964f	#ff964f	61
702	Turicibacter	Anaerostipes	0.890629181525	6	2	Stool	Stool	Stool	#b2f396	#b2f396	#b2f396	61
703	Anaerostipes	Turicibacter	0.890629181525	2	6	Stool	Stool	Stool	#b2f396	#b2f396	#b2f396	61
704	Turicibacter	Terrisporobacter	1.0	6	2	Stool	Stool	Stool	#b2f396	#b2f396	#b2f396	61
705	Terrisporobacter	Turicibacter	1.0	2	6	Stool	Stool	Stool	#b2f396	#b2f396	#b2f396	61
706	Tyzzerella	Megamonas	0.989218693643	1	1	Stool	Stool	Stool	#b2f396	#b2f396	#b2f396	61
707	Megamonas	Tyzzerella	0.989218693643	1	1	Stool	Stool	Stool	#b2f396	#b2f396	#b2f396	61
708	Tyzzerella	Sanguibacteroides	0.937903350872	1	10	Stool	Stool	Stool	#b2f396	#b2f396	#b2f396	61
709	Sanguibacteroides	Tyzzerella	0.937903350872	10	1	Stool	Stool	Stool	#b2f396	#b2f396	#b2f396	61
710	Vibrio	Aliterella	0.999652992643	13	21	Anterior_nares	Anterior_nares	Anterior_nares	#8000ff	#8000ff	#8000ff	61
711	Aliterella	Vibrio	0.999652992643	21	13	Anterior_nares	Anterior_nares	Anterior_nares	#8000ff	#8000ff	#8000ff	61
712	Vibrio	Arthrobacter	0.999652992643	13	1	Anterior_nares	Anterior_nares	Anterior_nares	#8000ff	#8000ff	#8000ff	61
713	Arthrobacter	Vibrio	0.999652992643	1	13	Anterior_nares	Anterior_nares	Anterior_nares	#8000ff	#8000ff	#8000ff	61
714	Vibrio	Azohydromonas	0.999652992643	13	1	Anterior_nares	Anterior_nares	Anterior_nares	#8000ff	#8000ff	#8000ff	61
715	Azohydromonas	Vibrio	0.999652992643	1	13	Anterior_nares	Anterior_nares	Anterior_nares	#8000ff	#8000ff	#8000ff	61
716	Vibrio	Delftia	0.999652992643	13	6	Anterior_nares	Anterior_nares	Anterior_nares	#8000ff	#8000ff	#8000ff	61
717	Delftia	Vibrio	0.999652992643	6	13	Anterior_nares	Anterior_nares	Anterior_nares	#8000ff	#8000ff	#8000ff	61
718	Vibrio	Microvirga	0.999652992643	13	12	Anterior_nares	Anterior_nares	Anterior_nares	#8000ff	#8000ff	#8000ff	61
719	Microvirga	Vibrio	0.999652992643	12	13	Anterior_nares	Anterior_nares	Anterior_nares	#8000ff	#8000ff	#8000ff	61
720	Vibrio	Modestobacter	0.999652992643	13	11	Anterior_nares	Anterior_nares	Anterior_nares	#8000ff	#8000ff	#8000ff	61
721	Modestobacter	Vibrio	0.999652992643	11	13	Anterior_nares	Anterior_nares	Anterior_nares	#8000ff	#8000ff	#8000ff	61
722	Vibrio	Photobacterium	0.999652992643	13	10	Anterior_nares	Anterior_nares	Anterior_nares	#8000ff	#8000ff	#8000ff	61
723	Photobacterium	Vibrio	0.999652992643	10	13	Anterior_nares	Anterior_nares	Anterior_nares	#8000ff	#8000ff	#8000ff	61
724	Vibrio	Rheinheimera	0.999652992643	13	2	Anterior_nares	Anterior_nares	Anterior_nares	#8000ff	#8000ff	#8000ff	61
725	Rheinheimera	Vibrio	0.999652992643	2	13	Anterior_nares	Anterior_nares	Anterior_nares	#8000ff	#8000ff	#8000ff	61
726	Vibrio	Sphingomonas	0.929742131973	13	14	Anterior_nares	Anterior_nares	Anterior_nares	#8000ff	#8000ff	#8000ff	61
727	Sphingomonas	Vibrio	0.929742131973	14	13	Anterior_nares	Anterior_nares	Anterior_nares	#8000ff	#8000ff	#8000ff	61
728	Vibrio	Tepidiphilus	0.999652992643	13	1	Anterior_nares	Anterior_nares	Anterior_nares	#8000ff	#8000ff	#8000ff	61
729	Tepidiphilus	Vibrio	0.999652992643	1	13	Anterior_nares	Anterior_nares	Anterior_nares	#8000ff	#8000ff	#8000ff	61
730	Xanthomonas	Aliterella	0.999353067375	43	21	Anterior_nares	Anterior_nares	Anterior_nares	#8000ff	#8000ff	#8000ff	61
731	Aliterella	Xanthomonas	0.999353067375	21	43	Anterior_nares	Anterior_nares	Anterior_nares	#8000ff	#8000ff	#8000ff	61
732	Xanthomonas	Arthrobacter	0.999353067375	43	1	Anterior_nares	Anterior_nares	Anterior_nares	#8000ff	#8000ff	#8000ff	61
733	Arthrobacter	Xanthomonas	0.999353067375	1	43	Anterior_nares	Anterior_nares	Anterior_nares	#8000ff	#8000ff	#8000ff	61
734	Xanthomonas	Azohydromonas	0.999353067375	43	1	Anterior_nares	Anterior_nares	Anterior_nares	#8000ff	#8000ff	#8000ff	61
735	Azohydromonas	Xanthomonas	0.999353067375	1	43	Anterior_nares	Anterior_nares	Anterior_nares	#8000ff	#8000ff	#8000ff	61
736	Xanthomonas	Delftia	0.999353067375	43	6	Anterior_nares	Anterior_nares	Anterior_nares	#8000ff	#8000ff	#8000ff	61
737	Delftia	Xanthomonas	0.999353067375	6	43	Anterior_nares	Anterior_nares	Anterior_nares	#8000ff	#8000ff	#8000ff	61
738	Xanthomonas	Microvirga	0.999353067375	43	12	Anterior_nares	Anterior_nares	Anterior_nares	#8000ff	#8000ff	#8000ff	61
739	Microvirga	Xanthomonas	0.999353067375	12	43	Anterior_nares	Anterior_nares	Anterior_nares	#8000ff	#8000ff	#8000ff	61
740	Xanthomonas	Modestobacter	0.999353067375	43	11	Anterior_nares	Anterior_nares	Anterior_nares	#8000ff	#8000ff	#8000ff	61
741	Modestobacter	Xanthomonas	0.999353067375	11	43	Anterior_nares	Anterior_nares	Anterior_nares	#8000ff	#8000ff	#8000ff	61
742	Xanthomonas	Photobacterium	0.999353067375	43	10	Anterior_nares	Anterior_nares	Anterior_nares	#8000ff	#8000ff	#8000ff	61
743	Photobacterium	Xanthomonas	0.999353067375	10	43	Anterior_nares	Anterior_nares	Anterior_nares	#8000ff	#8000ff	#8000ff	61
744	Xanthomonas	Rheinheimera	0.999353067375	43	2	Anterior_nares	Anterior_nares	Anterior_nares	#8000ff	#8000ff	#8000ff	61
745	Rheinheimera	Xanthomonas	0.999353067375	2	43	Anterior_nares	Anterior_nares	Anterior_nares	#8000ff	#8000ff	#8000ff	61
746	Xanthomonas	Sphingobium	0.9088518568	43	17	Anterior_nares	Mid_vagina	Intertype	#8000ff	#18cde4	#cccccc	61
747	Sphingobium	Xanthomonas	0.9088518568	17	43	Mid_vagina	Anterior_nares	Intertype	#18cde4	#8000ff	#cccccc	61
748	Xanthomonas	Sphingomonas	0.937080711909	43	14	Anterior_nares	Anterior_nares	Anterior_nares	#8000ff	#8000ff	#8000ff	61
749	Sphingomonas	Xanthomonas	0.937080711909	14	43	Anterior_nares	Anterior_nares	Anterior_nares	#8000ff	#8000ff	#8000ff	61
750	Xanthomonas	Stenotrophomonas	0.825841795889	43	2	Anterior_nares	Anterior_nares	Anterior_nares	#8000ff	#8000ff	#8000ff	61
751	Stenotrophomonas	Xanthomonas	0.825841795889	2	43	Anterior_nares	Anterior_nares	Anterior_nares	#8000ff	#8000ff	#8000ff	61
752	Xanthomonas	Tepidiphilus	0.999353067375	43	1	Anterior_nares	Anterior_nares	Anterior_nares	#8000ff	#8000ff	#8000ff	61
753	Tepidiphilus	Xanthomonas	0.999353067375	1	43	Anterior_nares	Anterior_nares	Anterior_nares	#8000ff	#8000ff	#8000ff	61
754	Xanthomonas	Vibrio	0.998973321192	43	13	Anterior_nares	Anterior_nares	Anterior_nares	#8000ff	#8000ff	#8000ff	61
755	Vibrio	Xanthomonas	0.998973321192	13	43	Anterior_nares	Anterior_nares	Anterior_nares	#8000ff	#8000ff	#8000ff	61
756	Xenorhabdus	Brochothrix	0.99751267283	59	2	Saliva	Saliva	Saliva	#7effb5	#7effb5	#7effb5	61
757	Brochothrix	Xenorhabdus	0.99751267283	2	59	Saliva	Saliva	Saliva	#7effb5	#7effb5	#7effb5	61
758	Xenorhabdus	Leuconostoc	0.984865952368	59	13	Saliva	Saliva	Saliva	#7effb5	#7effb5	#7effb5	61
759	Leuconostoc	Xenorhabdus	0.984865952368	13	59	Saliva	Saliva	Saliva	#7effb5	#7effb5	#7effb5	61
760	Xenorhabdus	Mitsuokella	1.0	59	15	Saliva	Saliva	Saliva	#7effb5	#7effb5	#7effb5	61
761	Mitsuokella	Xenorhabdus	1.0	15	59	Saliva	Saliva	Saliva	#7effb5	#7effb5	#7effb5	61
762	Xenorhabdus	Pectobacterium	1.0	59	3	Saliva	Saliva	Saliva	#7effb5	#7effb5	#7effb5	61
763	Pectobacterium	Xenorhabdus	1.0	3	59	Saliva	Saliva	Saliva	#7effb5	#7effb5	#7effb5	61
764	Xenorhabdus	Psychrobacter	0.96570546037	59	1	Saliva	Saliva	Saliva	#7effb5	#7effb5	#7effb5	61
765	Psychrobacter	Xenorhabdus	0.96570546037	1	59	Saliva	Saliva	Saliva	#7effb5	#7effb5	#7effb5	61
766	Xenorhabdus	Serratia	0.993862917052	59	35	Saliva	Saliva	Saliva	#7effb5	#7effb5	#7effb5	61
767	Serratia	Xenorhabdus	0.993862917052	35	59	Saliva	Saliva	Saliva	#7effb5	#7effb5	#7effb5	61
768	Xylanimonas	Isoptericola	0.968388003535	39	2	Tongue_dorsum	Tongue_dorsum	Tongue_dorsum	#ff0000	#ff0000	#ff0000	61
769	Isoptericola	Xylanimonas	0.968388003535	2	39	Tongue_dorsum	Tongue_dorsum	Tongue_dorsum	#ff0000	#ff0000	#ff0000	61
