source	Unnamed: 0	source	target	weight	first_sample	second_sample	edge_sample	fscolor	sscolor	edcolor	spect_cluster	commun_cluster	spect_color	comm_color
Acidaminococcaceae	0	Acidaminococcaceae	Acholeplasmataceae	1.0	Stool	Stool	Stool	#b2f396	#b2f396	#b2f396	6.0	0.0	#5af8c8	#8000ff
Acholeplasmataceae	1	Acholeplasmataceae	Acidaminococcaceae	1.0	Stool	Stool	Stool	#b2f396	#b2f396	#b2f396	4.0	0.0	#10c6e6	#8000ff
Bacillaceae	2	Bacillaceae	Alcaligenaceae	1.0	Anterior_nares	Anterior_nares	Anterior_nares	#8000ff	#8000ff	#8000ff	8.0	4.0	#a2f9a0	#4df3ce
Alcaligenaceae	3	Alcaligenaceae	Bacillaceae	1.0	Anterior_nares	Anterior_nares	Anterior_nares	#8000ff	#8000ff	#8000ff	8.0	4.0	#a2f9a0	#4df3ce
Bifidobacteriaceae	4	Bifidobacteriaceae	Atopobiaceae	1.0	Posterior_fornix	Posterior_fornix	Posterior_fornix	#4df3ce	#4df3ce	#4df3ce	7.0	1.0	#7effb5	#4e4dfc
Atopobiaceae	5	Atopobiaceae	Bifidobacteriaceae	1.0	Posterior_fornix	Posterior_fornix	Posterior_fornix	#4df3ce	#4df3ce	#4df3ce	7.0	1.0	#7effb5	#4e4dfc
Bradyrhizobiaceae	6	Bradyrhizobiaceae	Alcaligenaceae	1.0	Anterior_nares	Anterior_nares	Anterior_nares	#8000ff	#8000ff	#8000ff	8.0	4.0	#a2f9a0	#4df3ce
Alcaligenaceae	7	Alcaligenaceae	Bradyrhizobiaceae	1.0	Anterior_nares	Anterior_nares	Anterior_nares	#8000ff	#8000ff	#8000ff	8.0	4.0	#a2f9a0	#4df3ce
Campylobacteraceae	8	Campylobacteraceae	Actinomycetaceae	1.0	Supragingival_plaque	Supragingival_plaque	Supragingival_plaque	#ff964f	#ff964f	#ff964f	5.0	1.0	#37e6d8	#4e4dfc
Actinomycetaceae	9	Actinomycetaceae	Campylobacteraceae	1.0	Supragingival_plaque	Supragingival_plaque	Supragingival_plaque	#ff964f	#ff964f	#ff964f	0.0	1.0	#8000ff	#4e4dfc
Cardiobacteriaceae	10	Cardiobacteriaceae	Burkholderiaceae	1.0	Supragingival_plaque	Supragingival_plaque	Supragingival_plaque	#ff964f	#ff964f	#ff964f	14.0	1.0	#ff0000	#4e4dfc
Burkholderiaceae	11	Burkholderiaceae	Cardiobacteriaceae	1.0	Supragingival_plaque	Supragingival_plaque	Supragingival_plaque	#ff964f	#ff964f	#ff964f	14.0	1.0	#ff0000	#4e4dfc
Chromatiaceae	12	Chromatiaceae	Alcaligenaceae	1.0	Anterior_nares	Anterior_nares	Anterior_nares	#8000ff	#8000ff	#8000ff	8.0	4.0	#a2f9a0	#4df3ce
Alcaligenaceae	13	Alcaligenaceae	Chromatiaceae	1.0	Anterior_nares	Anterior_nares	Anterior_nares	#8000ff	#8000ff	#8000ff	8.0	4.0	#a2f9a0	#4df3ce
Chromatiaceae	14	Chromatiaceae	Bacillaceae	1.0	Anterior_nares	Anterior_nares	Anterior_nares	#8000ff	#8000ff	#8000ff	8.0	4.0	#a2f9a0	#4df3ce
Bacillaceae	15	Bacillaceae	Chromatiaceae	1.0	Anterior_nares	Anterior_nares	Anterior_nares	#8000ff	#8000ff	#8000ff	8.0	4.0	#a2f9a0	#4df3ce
Chromatiaceae	16	Chromatiaceae	Bradyrhizobiaceae	1.0	Anterior_nares	Anterior_nares	Anterior_nares	#8000ff	#8000ff	#8000ff	8.0	4.0	#a2f9a0	#4df3ce
Bradyrhizobiaceae	17	Bradyrhizobiaceae	Chromatiaceae	1.0	Anterior_nares	Anterior_nares	Anterior_nares	#8000ff	#8000ff	#8000ff	8.0	4.0	#a2f9a0	#4df3ce
Chromobacteriaceae	18	Chromobacteriaceae	Aurantimonadaceae	1.0	Anterior_nares	Anterior_nares	Anterior_nares	#8000ff	#8000ff	#8000ff	2.0	6.0	#386df9	#b2f396
Aurantimonadaceae	19	Aurantimonadaceae	Chromobacteriaceae	1.0	Anterior_nares	Anterior_nares	Anterior_nares	#8000ff	#8000ff	#8000ff	2.0	6.0	#386df9	#b2f396
Clostridiaceae	20	Clostridiaceae	Catabacteriaceae	1.0	Stool	Stool	Stool	#b2f396	#b2f396	#b2f396	12.0	7.0	#ff703a	#e4cf74
Catabacteriaceae	21	Catabacteriaceae	Clostridiaceae	1.0	Stool	Stool	Stool	#b2f396	#b2f396	#b2f396	12.0	7.0	#ff703a	#e4cf74
Coriobacteriaceae	22	Coriobacteriaceae	Akkermansiaceae	1.0	Stool	Stool	Stool	#b2f396	#b2f396	#b2f396	7.0	3.0	#7effb5	#18cde4
Akkermansiaceae	23	Akkermansiaceae	Coriobacteriaceae	1.0	Stool	Stool	Stool	#b2f396	#b2f396	#b2f396	7.0	3.0	#7effb5	#18cde4
Dermacoccaceae	24	Dermacoccaceae	Actinomycetaceae	1.0	Tongue_dorsum	Supragingival_plaque	Intertype	#ff0000	#ff964f	#cccccc	0.0	1.0	#8000ff	#4e4dfc
Actinomycetaceae	25	Actinomycetaceae	Dermacoccaceae	1.0	Supragingival_plaque	Tongue_dorsum	Intertype	#ff964f	#ff0000	#cccccc	0.0	1.0	#8000ff	#4e4dfc
Dermacoccaceae	26	Dermacoccaceae	Clostridiales Family XIII. Incertae Sedis	1.0	Tongue_dorsum	Tongue_dorsum	Tongue_dorsum	#ff0000	#ff0000	#ff0000	0.0	1.0	#8000ff	#4e4dfc
Clostridiales Family XIII. Incertae Sedis	27	Clostridiales Family XIII. Incertae Sedis	Dermacoccaceae	1.0	Tongue_dorsum	Tongue_dorsum	Tongue_dorsum	#ff0000	#ff0000	#ff0000	0.0	1.0	#8000ff	#4e4dfc
Erysipelotrichaceae	28	Erysipelotrichaceae	Atopobiaceae	1.0	Throat	Posterior_fornix	Intertype	#ff5029	#4df3ce	#cccccc	0.0	1.0	#8000ff	#4e4dfc
Atopobiaceae	29	Atopobiaceae	Erysipelotrichaceae	1.0	Posterior_fornix	Throat	Intertype	#4df3ce	#ff5029	#cccccc	7.0	1.0	#7effb5	#4e4dfc
Erysipelotrichaceae	30	Erysipelotrichaceae	Clostridiales Family XIII. Incertae Sedis	1.0	Throat	Tongue_dorsum	Intertype	#ff5029	#ff0000	#cccccc	0.0	1.0	#8000ff	#4e4dfc
Clostridiales Family XIII. Incertae Sedis	31	Clostridiales Family XIII. Incertae Sedis	Erysipelotrichaceae	1.0	Tongue_dorsum	Throat	Intertype	#ff0000	#ff5029	#cccccc	0.0	1.0	#8000ff	#4e4dfc
Erythrobacteraceae	32	Erythrobacteraceae	Carnobacteriaceae	1.0	Buccal_mucosa	Anterior_nares	Intertype	#1996f3	#8000ff	#cccccc	12.0	1.0	#ff703a	#4e4dfc
Carnobacteriaceae	33	Carnobacteriaceae	Erythrobacteraceae	1.0	Anterior_nares	Buccal_mucosa	Intertype	#8000ff	#1996f3	#cccccc	12.0	1.0	#ff703a	#4e4dfc
Erythrobacteraceae	34	Erythrobacteraceae	Cellvibrionaceae	1.0	Buccal_mucosa	Buccal_mucosa	Buccal_mucosa	#1996f3	#1996f3	#1996f3	12.0	1.0	#ff703a	#4e4dfc
Cellvibrionaceae	35	Cellvibrionaceae	Erythrobacteraceae	1.0	Buccal_mucosa	Buccal_mucosa	Buccal_mucosa	#1996f3	#1996f3	#1996f3	12.0	1.0	#ff703a	#4e4dfc
Eubacteriaceae	36	Eubacteriaceae	Eggerthellaceae	1.0	Stool	Stool	Stool	#b2f396	#b2f396	#b2f396	1.0	9.0	#5c38fd	#ff5029
Eggerthellaceae	37	Eggerthellaceae	Eubacteriaceae	1.0	Stool	Stool	Stool	#b2f396	#b2f396	#b2f396	1.0	9.0	#5c38fd	#ff5029
Flavobacteriaceae	38	Flavobacteriaceae	Actinomycetaceae	1.0	Supragingival_plaque	Supragingival_plaque	Supragingival_plaque	#ff964f	#ff964f	#ff964f	12.0	1.0	#ff703a	#4e4dfc
Actinomycetaceae	39	Actinomycetaceae	Flavobacteriaceae	1.0	Supragingival_plaque	Supragingival_plaque	Supragingival_plaque	#ff964f	#ff964f	#ff964f	0.0	1.0	#8000ff	#4e4dfc
Flavobacteriaceae	40	Flavobacteriaceae	Campylobacteraceae	1.0	Supragingival_plaque	Supragingival_plaque	Supragingival_plaque	#ff964f	#ff964f	#ff964f	12.0	1.0	#ff703a	#4e4dfc
Campylobacteraceae	41	Campylobacteraceae	Flavobacteriaceae	1.0	Supragingival_plaque	Supragingival_plaque	Supragingival_plaque	#ff964f	#ff964f	#ff964f	5.0	1.0	#37e6d8	#4e4dfc
Flavobacteriaceae	42	Flavobacteriaceae	Erythrobacteraceae	1.0	Supragingival_plaque	Buccal_mucosa	Intertype	#ff964f	#1996f3	#cccccc	12.0	1.0	#ff703a	#4e4dfc
Erythrobacteraceae	43	Erythrobacteraceae	Flavobacteriaceae	1.0	Buccal_mucosa	Supragingival_plaque	Intertype	#1996f3	#ff964f	#cccccc	12.0	1.0	#ff703a	#4e4dfc
Fusobacteriaceae	44	Fusobacteriaceae	Aerococcaceae	1.0	Tongue_dorsum	Posterior_fornix	Intertype	#ff0000	#4df3ce	#cccccc	12.0	2.0	#ff703a	#1996f3
Aerococcaceae	45	Aerococcaceae	Fusobacteriaceae	1.0	Posterior_fornix	Tongue_dorsum	Intertype	#4df3ce	#ff0000	#cccccc	12.0	2.0	#ff703a	#1996f3
Fusobacteriaceae	46	Fusobacteriaceae	Cellulomonadaceae	1.0	Tongue_dorsum	Stool	Intertype	#ff0000	#b2f396	#cccccc	12.0	2.0	#ff703a	#1996f3
Cellulomonadaceae	47	Cellulomonadaceae	Fusobacteriaceae	1.0	Stool	Tongue_dorsum	Intertype	#b2f396	#ff0000	#cccccc	10.0	2.0	#ecc86f	#1996f3
Geodermatophilaceae	48	Geodermatophilaceae	Alcaligenaceae	1.0	Anterior_nares	Anterior_nares	Anterior_nares	#8000ff	#8000ff	#8000ff	8.0	4.0	#a2f9a0	#4df3ce
Alcaligenaceae	49	Alcaligenaceae	Geodermatophilaceae	1.0	Anterior_nares	Anterior_nares	Anterior_nares	#8000ff	#8000ff	#8000ff	8.0	4.0	#a2f9a0	#4df3ce
Geodermatophilaceae	50	Geodermatophilaceae	Bacillaceae	1.0	Anterior_nares	Anterior_nares	Anterior_nares	#8000ff	#8000ff	#8000ff	8.0	4.0	#a2f9a0	#4df3ce
Bacillaceae	51	Bacillaceae	Geodermatophilaceae	1.0	Anterior_nares	Anterior_nares	Anterior_nares	#8000ff	#8000ff	#8000ff	8.0	4.0	#a2f9a0	#4df3ce
Geodermatophilaceae	52	Geodermatophilaceae	Bradyrhizobiaceae	1.0	Anterior_nares	Anterior_nares	Anterior_nares	#8000ff	#8000ff	#8000ff	8.0	4.0	#a2f9a0	#4df3ce
Bradyrhizobiaceae	53	Bradyrhizobiaceae	Geodermatophilaceae	1.0	Anterior_nares	Anterior_nares	Anterior_nares	#8000ff	#8000ff	#8000ff	8.0	4.0	#a2f9a0	#4df3ce
Geodermatophilaceae	54	Geodermatophilaceae	Chromatiaceae	1.0	Anterior_nares	Anterior_nares	Anterior_nares	#8000ff	#8000ff	#8000ff	8.0	4.0	#a2f9a0	#4df3ce
Chromatiaceae	55	Chromatiaceae	Geodermatophilaceae	1.0	Anterior_nares	Anterior_nares	Anterior_nares	#8000ff	#8000ff	#8000ff	8.0	4.0	#a2f9a0	#4df3ce
Helicobacteraceae	56	Helicobacteraceae	Aurantimonadaceae	1.0	Anterior_nares	Anterior_nares	Anterior_nares	#8000ff	#8000ff	#8000ff	2.0	6.0	#386df9	#b2f396
Aurantimonadaceae	57	Aurantimonadaceae	Helicobacteraceae	1.0	Anterior_nares	Anterior_nares	Anterior_nares	#8000ff	#8000ff	#8000ff	2.0	6.0	#386df9	#b2f396
Helicobacteraceae	58	Helicobacteraceae	Chromobacteriaceae	1.0	Anterior_nares	Anterior_nares	Anterior_nares	#8000ff	#8000ff	#8000ff	2.0	6.0	#386df9	#b2f396
Chromobacteriaceae	59	Chromobacteriaceae	Helicobacteraceae	1.0	Anterior_nares	Anterior_nares	Anterior_nares	#8000ff	#8000ff	#8000ff	2.0	6.0	#386df9	#b2f396
Hydrogenophilaceae	60	Hydrogenophilaceae	Alcaligenaceae	1.0	Anterior_nares	Anterior_nares	Anterior_nares	#8000ff	#8000ff	#8000ff	8.0	4.0	#a2f9a0	#4df3ce
Alcaligenaceae	61	Alcaligenaceae	Hydrogenophilaceae	1.0	Anterior_nares	Anterior_nares	Anterior_nares	#8000ff	#8000ff	#8000ff	8.0	4.0	#a2f9a0	#4df3ce
Hydrogenophilaceae	62	Hydrogenophilaceae	Bacillaceae	1.0	Anterior_nares	Anterior_nares	Anterior_nares	#8000ff	#8000ff	#8000ff	8.0	4.0	#a2f9a0	#4df3ce
Bacillaceae	63	Bacillaceae	Hydrogenophilaceae	1.0	Anterior_nares	Anterior_nares	Anterior_nares	#8000ff	#8000ff	#8000ff	8.0	4.0	#a2f9a0	#4df3ce
Hydrogenophilaceae	64	Hydrogenophilaceae	Bradyrhizobiaceae	1.0	Anterior_nares	Anterior_nares	Anterior_nares	#8000ff	#8000ff	#8000ff	8.0	4.0	#a2f9a0	#4df3ce
Bradyrhizobiaceae	65	Bradyrhizobiaceae	Hydrogenophilaceae	1.0	Anterior_nares	Anterior_nares	Anterior_nares	#8000ff	#8000ff	#8000ff	8.0	4.0	#a2f9a0	#4df3ce
Hydrogenophilaceae	66	Hydrogenophilaceae	Chromatiaceae	1.0	Anterior_nares	Anterior_nares	Anterior_nares	#8000ff	#8000ff	#8000ff	8.0	4.0	#a2f9a0	#4df3ce
Chromatiaceae	67	Chromatiaceae	Hydrogenophilaceae	1.0	Anterior_nares	Anterior_nares	Anterior_nares	#8000ff	#8000ff	#8000ff	8.0	4.0	#a2f9a0	#4df3ce
Hydrogenophilaceae	68	Hydrogenophilaceae	Geodermatophilaceae	1.0	Anterior_nares	Anterior_nares	Anterior_nares	#8000ff	#8000ff	#8000ff	8.0	4.0	#a2f9a0	#4df3ce
Geodermatophilaceae	69	Geodermatophilaceae	Hydrogenophilaceae	1.0	Anterior_nares	Anterior_nares	Anterior_nares	#8000ff	#8000ff	#8000ff	8.0	4.0	#a2f9a0	#4df3ce
Intrasporangiaceae	70	Intrasporangiaceae	Alcaligenaceae	1.0	Anterior_nares	Anterior_nares	Anterior_nares	#8000ff	#8000ff	#8000ff	8.0	4.0	#a2f9a0	#4df3ce
Alcaligenaceae	71	Alcaligenaceae	Intrasporangiaceae	1.0	Anterior_nares	Anterior_nares	Anterior_nares	#8000ff	#8000ff	#8000ff	8.0	4.0	#a2f9a0	#4df3ce
Intrasporangiaceae	72	Intrasporangiaceae	Bacillaceae	1.0	Anterior_nares	Anterior_nares	Anterior_nares	#8000ff	#8000ff	#8000ff	8.0	4.0	#a2f9a0	#4df3ce
Bacillaceae	73	Bacillaceae	Intrasporangiaceae	1.0	Anterior_nares	Anterior_nares	Anterior_nares	#8000ff	#8000ff	#8000ff	8.0	4.0	#a2f9a0	#4df3ce
Intrasporangiaceae	74	Intrasporangiaceae	Bradyrhizobiaceae	1.0	Anterior_nares	Anterior_nares	Anterior_nares	#8000ff	#8000ff	#8000ff	8.0	4.0	#a2f9a0	#4df3ce
Bradyrhizobiaceae	75	Bradyrhizobiaceae	Intrasporangiaceae	1.0	Anterior_nares	Anterior_nares	Anterior_nares	#8000ff	#8000ff	#8000ff	8.0	4.0	#a2f9a0	#4df3ce
Intrasporangiaceae	76	Intrasporangiaceae	Chromatiaceae	1.0	Anterior_nares	Anterior_nares	Anterior_nares	#8000ff	#8000ff	#8000ff	8.0	4.0	#a2f9a0	#4df3ce
Chromatiaceae	77	Chromatiaceae	Intrasporangiaceae	1.0	Anterior_nares	Anterior_nares	Anterior_nares	#8000ff	#8000ff	#8000ff	8.0	4.0	#a2f9a0	#4df3ce
Intrasporangiaceae	78	Intrasporangiaceae	Geodermatophilaceae	1.0	Anterior_nares	Anterior_nares	Anterior_nares	#8000ff	#8000ff	#8000ff	8.0	4.0	#a2f9a0	#4df3ce
Geodermatophilaceae	79	Geodermatophilaceae	Intrasporangiaceae	1.0	Anterior_nares	Anterior_nares	Anterior_nares	#8000ff	#8000ff	#8000ff	8.0	4.0	#a2f9a0	#4df3ce
Intrasporangiaceae	80	Intrasporangiaceae	Hydrogenophilaceae	1.0	Anterior_nares	Anterior_nares	Anterior_nares	#8000ff	#8000ff	#8000ff	8.0	4.0	#a2f9a0	#4df3ce
Hydrogenophilaceae	81	Hydrogenophilaceae	Intrasporangiaceae	1.0	Anterior_nares	Anterior_nares	Anterior_nares	#8000ff	#8000ff	#8000ff	8.0	4.0	#a2f9a0	#4df3ce
Lachnospiraceae	82	Lachnospiraceae	Atopobiaceae	1.0	Stool	Posterior_fornix	Intertype	#b2f396	#4df3ce	#cccccc	0.0	1.0	#8000ff	#4e4dfc
Atopobiaceae	83	Atopobiaceae	Lachnospiraceae	1.0	Posterior_fornix	Stool	Intertype	#4df3ce	#b2f396	#cccccc	7.0	1.0	#7effb5	#4e4dfc
Lachnospiraceae	84	Lachnospiraceae	Dermacoccaceae	1.0	Stool	Tongue_dorsum	Intertype	#b2f396	#ff0000	#cccccc	0.0	1.0	#8000ff	#4e4dfc
Dermacoccaceae	85	Dermacoccaceae	Lachnospiraceae	1.0	Tongue_dorsum	Stool	Intertype	#ff0000	#b2f396	#cccccc	0.0	1.0	#8000ff	#4e4dfc
Lachnospiraceae	86	Lachnospiraceae	Erysipelotrichaceae	1.0	Stool	Throat	Intertype	#b2f396	#ff5029	#cccccc	0.0	1.0	#8000ff	#4e4dfc
Erysipelotrichaceae	87	Erysipelotrichaceae	Lachnospiraceae	1.0	Throat	Stool	Intertype	#ff5029	#b2f396	#cccccc	0.0	1.0	#8000ff	#4e4dfc
Leptotrichiaceae	88	Leptotrichiaceae	Burkholderiaceae	1.0	Supragingival_plaque	Supragingival_plaque	Supragingival_plaque	#ff964f	#ff964f	#ff964f	0.0	1.0	#8000ff	#4e4dfc
Burkholderiaceae	89	Burkholderiaceae	Leptotrichiaceae	1.0	Supragingival_plaque	Supragingival_plaque	Supragingival_plaque	#ff964f	#ff964f	#ff964f	14.0	1.0	#ff0000	#4e4dfc
Leptotrichiaceae	90	Leptotrichiaceae	Campylobacteraceae	1.0	Supragingival_plaque	Supragingival_plaque	Supragingival_plaque	#ff964f	#ff964f	#ff964f	0.0	1.0	#8000ff	#4e4dfc
Campylobacteraceae	91	Campylobacteraceae	Leptotrichiaceae	1.0	Supragingival_plaque	Supragingival_plaque	Supragingival_plaque	#ff964f	#ff964f	#ff964f	5.0	1.0	#37e6d8	#4e4dfc
Leptotrichiaceae	92	Leptotrichiaceae	Clostridiales Family XIII. Incertae Sedis	1.0	Supragingival_plaque	Tongue_dorsum	Intertype	#ff964f	#ff0000	#cccccc	0.0	1.0	#8000ff	#4e4dfc
Clostridiales Family XIII. Incertae Sedis	93	Clostridiales Family XIII. Incertae Sedis	Leptotrichiaceae	1.0	Tongue_dorsum	Supragingival_plaque	Intertype	#ff0000	#ff964f	#cccccc	0.0	1.0	#8000ff	#4e4dfc
Listeriaceae	94	Listeriaceae	Campylobacteraceae	1.0	Saliva	Supragingival_plaque	Intertype	#7effb5	#ff964f	#cccccc	5.0	10.0	#37e6d8	#ff0000
Campylobacteraceae	95	Campylobacteraceae	Listeriaceae	1.0	Supragingival_plaque	Saliva	Intertype	#ff964f	#7effb5	#cccccc	5.0	1.0	#37e6d8	#4e4dfc
Listeriaceae	96	Listeriaceae	Leuconostocaceae	1.0	Saliva	Saliva	Saliva	#7effb5	#7effb5	#7effb5	5.0	10.0	#37e6d8	#ff0000
Leuconostocaceae	97	Leuconostocaceae	Listeriaceae	1.0	Saliva	Saliva	Saliva	#7effb5	#7effb5	#7effb5	5.0	10.0	#37e6d8	#ff0000
Microbacteriaceae	98	Microbacteriaceae	Aurantimonadaceae	1.0	Anterior_nares	Anterior_nares	Anterior_nares	#8000ff	#8000ff	#8000ff	2.0	6.0	#386df9	#b2f396
Aurantimonadaceae	99	Aurantimonadaceae	Microbacteriaceae	1.0	Anterior_nares	Anterior_nares	Anterior_nares	#8000ff	#8000ff	#8000ff	2.0	6.0	#386df9	#b2f396
Microbacteriaceae	100	Microbacteriaceae	Chromobacteriaceae	1.0	Anterior_nares	Anterior_nares	Anterior_nares	#8000ff	#8000ff	#8000ff	2.0	6.0	#386df9	#b2f396
Chromobacteriaceae	101	Chromobacteriaceae	Microbacteriaceae	1.0	Anterior_nares	Anterior_nares	Anterior_nares	#8000ff	#8000ff	#8000ff	2.0	6.0	#386df9	#b2f396
Microbacteriaceae	102	Microbacteriaceae	Helicobacteraceae	1.0	Anterior_nares	Anterior_nares	Anterior_nares	#8000ff	#8000ff	#8000ff	2.0	6.0	#386df9	#b2f396
Helicobacteraceae	103	Helicobacteraceae	Microbacteriaceae	1.0	Anterior_nares	Anterior_nares	Anterior_nares	#8000ff	#8000ff	#8000ff	2.0	6.0	#386df9	#b2f396
Micrococcaceae	104	Micrococcaceae	Aerococcaceae	1.0	Buccal_mucosa	Posterior_fornix	Intertype	#1996f3	#4df3ce	#cccccc	0.0	2.0	#8000ff	#1996f3
Aerococcaceae	105	Aerococcaceae	Micrococcaceae	1.0	Posterior_fornix	Buccal_mucosa	Intertype	#4df3ce	#1996f3	#cccccc	12.0	2.0	#ff703a	#1996f3
Micrococcaceae	106	Micrococcaceae	Atopobiaceae	1.0	Buccal_mucosa	Posterior_fornix	Intertype	#1996f3	#4df3ce	#cccccc	0.0	2.0	#8000ff	#1996f3
Atopobiaceae	107	Atopobiaceae	Micrococcaceae	1.0	Posterior_fornix	Buccal_mucosa	Intertype	#4df3ce	#1996f3	#cccccc	7.0	1.0	#7effb5	#4e4dfc
Micrococcaceae	108	Micrococcaceae	Cellulomonadaceae	1.0	Buccal_mucosa	Stool	Intertype	#1996f3	#b2f396	#cccccc	0.0	2.0	#8000ff	#1996f3
Cellulomonadaceae	109	Cellulomonadaceae	Micrococcaceae	1.0	Stool	Buccal_mucosa	Intertype	#b2f396	#1996f3	#cccccc	10.0	2.0	#ecc86f	#1996f3
Micrococcaceae	110	Micrococcaceae	Erysipelotrichaceae	1.0	Buccal_mucosa	Throat	Intertype	#1996f3	#ff5029	#cccccc	0.0	2.0	#8000ff	#1996f3
Erysipelotrichaceae	111	Erysipelotrichaceae	Micrococcaceae	1.0	Throat	Buccal_mucosa	Intertype	#ff5029	#1996f3	#cccccc	0.0	1.0	#8000ff	#4e4dfc
Micrococcaceae	112	Micrococcaceae	Leptotrichiaceae	1.0	Buccal_mucosa	Supragingival_plaque	Intertype	#1996f3	#ff964f	#cccccc	0.0	2.0	#8000ff	#1996f3
Leptotrichiaceae	113	Leptotrichiaceae	Micrococcaceae	1.0	Supragingival_plaque	Buccal_mucosa	Intertype	#ff964f	#1996f3	#cccccc	0.0	1.0	#8000ff	#4e4dfc
Moritellaceae	114	Moritellaceae	Alteromonadaceae	1.0	Tongue_dorsum	Tongue_dorsum	Tongue_dorsum	#ff0000	#ff0000	#ff0000	7.0	5.0	#7effb5	#7effb5
Alteromonadaceae	115	Alteromonadaceae	Moritellaceae	1.0	Tongue_dorsum	Tongue_dorsum	Tongue_dorsum	#ff0000	#ff0000	#ff0000	7.0	5.0	#7effb5	#7effb5
Mycobacteriaceae	116	Mycobacteriaceae	Alcaligenaceae	1.0	Posterior_fornix	Anterior_nares	Intertype	#4df3ce	#8000ff	#cccccc	8.0	4.0	#a2f9a0	#4df3ce
Alcaligenaceae	117	Alcaligenaceae	Mycobacteriaceae	1.0	Anterior_nares	Posterior_fornix	Intertype	#8000ff	#4df3ce	#cccccc	8.0	4.0	#a2f9a0	#4df3ce
Mycobacteriaceae	118	Mycobacteriaceae	Chromatiaceae	1.0	Posterior_fornix	Anterior_nares	Intertype	#4df3ce	#8000ff	#cccccc	8.0	4.0	#a2f9a0	#4df3ce
Chromatiaceae	119	Chromatiaceae	Mycobacteriaceae	1.0	Anterior_nares	Posterior_fornix	Intertype	#8000ff	#4df3ce	#cccccc	8.0	4.0	#a2f9a0	#4df3ce
Mycobacteriaceae	120	Mycobacteriaceae	Geodermatophilaceae	1.0	Posterior_fornix	Anterior_nares	Intertype	#4df3ce	#8000ff	#cccccc	8.0	4.0	#a2f9a0	#4df3ce
Geodermatophilaceae	121	Geodermatophilaceae	Mycobacteriaceae	1.0	Anterior_nares	Posterior_fornix	Intertype	#8000ff	#4df3ce	#cccccc	8.0	4.0	#a2f9a0	#4df3ce
Mycobacteriaceae	122	Mycobacteriaceae	Hydrogenophilaceae	1.0	Posterior_fornix	Anterior_nares	Intertype	#4df3ce	#8000ff	#cccccc	8.0	4.0	#a2f9a0	#4df3ce
Hydrogenophilaceae	123	Hydrogenophilaceae	Mycobacteriaceae	1.0	Anterior_nares	Posterior_fornix	Intertype	#8000ff	#4df3ce	#cccccc	8.0	4.0	#a2f9a0	#4df3ce
Mycobacteriaceae	124	Mycobacteriaceae	Intrasporangiaceae	1.0	Posterior_fornix	Anterior_nares	Intertype	#4df3ce	#8000ff	#cccccc	8.0	4.0	#a2f9a0	#4df3ce
Intrasporangiaceae	125	Intrasporangiaceae	Mycobacteriaceae	1.0	Anterior_nares	Posterior_fornix	Intertype	#8000ff	#4df3ce	#cccccc	8.0	4.0	#a2f9a0	#4df3ce
Neisseriaceae	126	Neisseriaceae	Aerococcaceae	1.0	Throat	Posterior_fornix	Intertype	#ff5029	#4df3ce	#cccccc	9.0	2.0	#c6e789	#1996f3
Aerococcaceae	127	Aerococcaceae	Neisseriaceae	1.0	Posterior_fornix	Throat	Intertype	#4df3ce	#ff5029	#cccccc	12.0	2.0	#ff703a	#1996f3
Neisseriaceae	128	Neisseriaceae	Leptotrichiaceae	1.0	Throat	Supragingival_plaque	Intertype	#ff5029	#ff964f	#cccccc	9.0	2.0	#c6e789	#1996f3
Leptotrichiaceae	129	Leptotrichiaceae	Neisseriaceae	1.0	Supragingival_plaque	Throat	Intertype	#ff964f	#ff5029	#cccccc	0.0	1.0	#8000ff	#4e4dfc
Nocardiaceae	130	Nocardiaceae	Caulobacteraceae	1.0	Posterior_fornix	Anterior_nares	Intertype	#4df3ce	#8000ff	#cccccc	11.0	8.0	#ffa055	#ff964f
Caulobacteraceae	131	Caulobacteraceae	Nocardiaceae	1.0	Anterior_nares	Posterior_fornix	Intertype	#8000ff	#4df3ce	#cccccc	12.0	8.0	#ff703a	#ff964f
Oscillospiraceae	132	Oscillospiraceae	Akkermansiaceae	1.0	Stool	Stool	Stool	#b2f396	#b2f396	#b2f396	7.0	3.0	#7effb5	#18cde4
Akkermansiaceae	133	Akkermansiaceae	Oscillospiraceae	1.0	Stool	Stool	Stool	#b2f396	#b2f396	#b2f396	7.0	3.0	#7effb5	#18cde4
Oscillospiraceae	134	Oscillospiraceae	Coriobacteriaceae	1.0	Stool	Stool	Stool	#b2f396	#b2f396	#b2f396	7.0	3.0	#7effb5	#18cde4
Coriobacteriaceae	135	Coriobacteriaceae	Oscillospiraceae	1.0	Stool	Stool	Stool	#b2f396	#b2f396	#b2f396	7.0	3.0	#7effb5	#18cde4
Oxalobacteraceae	136	Oxalobacteraceae	Dermabacteraceae	1.0	Posterior_fornix	Posterior_fornix	Posterior_fornix	#4df3ce	#4df3ce	#4df3ce	12.0	8.0	#ff703a	#ff964f
Dermabacteraceae	137	Dermabacteraceae	Oxalobacteraceae	1.0	Posterior_fornix	Posterior_fornix	Posterior_fornix	#4df3ce	#4df3ce	#4df3ce	12.0	8.0	#ff703a	#ff964f
Oxalobacteraceae	138	Oxalobacteraceae	Nocardiaceae	1.0	Posterior_fornix	Posterior_fornix	Posterior_fornix	#4df3ce	#4df3ce	#4df3ce	12.0	8.0	#ff703a	#ff964f
Nocardiaceae	139	Nocardiaceae	Oxalobacteraceae	1.0	Posterior_fornix	Posterior_fornix	Posterior_fornix	#4df3ce	#4df3ce	#4df3ce	11.0	8.0	#ffa055	#ff964f
Paenibacillaceae	140	Paenibacillaceae	Nocardiaceae	1.0	Anterior_nares	Posterior_fornix	Intertype	#8000ff	#4df3ce	#cccccc	11.0	8.0	#ffa055	#ff964f
Nocardiaceae	141	Nocardiaceae	Paenibacillaceae	1.0	Posterior_fornix	Anterior_nares	Intertype	#4df3ce	#8000ff	#cccccc	11.0	8.0	#ffa055	#ff964f
Pasteurellaceae	142	Pasteurellaceae	Cyclobacteriaceae	1.0	Buccal_mucosa	Buccal_mucosa	Buccal_mucosa	#1996f3	#1996f3	#1996f3	13.0	7.0	#ff3b1e	#e4cf74
Cyclobacteriaceae	143	Cyclobacteriaceae	Pasteurellaceae	1.0	Buccal_mucosa	Buccal_mucosa	Buccal_mucosa	#1996f3	#1996f3	#1996f3	3.0	7.0	#149df1	#e4cf74
Peptococcaceae	144	Peptococcaceae	Catabacteriaceae	1.0	Stool	Stool	Stool	#b2f396	#b2f396	#b2f396	7.0	7.0	#7effb5	#e4cf74
Catabacteriaceae	145	Catabacteriaceae	Peptococcaceae	1.0	Stool	Stool	Stool	#b2f396	#b2f396	#b2f396	12.0	7.0	#ff703a	#e4cf74
Peptococcaceae	146	Peptococcaceae	Cyclobacteriaceae	1.0	Stool	Buccal_mucosa	Intertype	#b2f396	#1996f3	#cccccc	7.0	7.0	#7effb5	#e4cf74
Cyclobacteriaceae	147	Cyclobacteriaceae	Peptococcaceae	1.0	Buccal_mucosa	Stool	Intertype	#1996f3	#b2f396	#cccccc	3.0	7.0	#149df1	#e4cf74
Planococcaceae	148	Planococcaceae	Alcaligenaceae	1.0	Anterior_nares	Anterior_nares	Anterior_nares	#8000ff	#8000ff	#8000ff	8.0	4.0	#a2f9a0	#4df3ce
Alcaligenaceae	149	Alcaligenaceae	Planococcaceae	1.0	Anterior_nares	Anterior_nares	Anterior_nares	#8000ff	#8000ff	#8000ff	8.0	4.0	#a2f9a0	#4df3ce
Planococcaceae	150	Planococcaceae	Bacillaceae	1.0	Anterior_nares	Anterior_nares	Anterior_nares	#8000ff	#8000ff	#8000ff	8.0	4.0	#a2f9a0	#4df3ce
Bacillaceae	151	Bacillaceae	Planococcaceae	1.0	Anterior_nares	Anterior_nares	Anterior_nares	#8000ff	#8000ff	#8000ff	8.0	4.0	#a2f9a0	#4df3ce
Planococcaceae	152	Planococcaceae	Bradyrhizobiaceae	1.0	Anterior_nares	Anterior_nares	Anterior_nares	#8000ff	#8000ff	#8000ff	8.0	4.0	#a2f9a0	#4df3ce
Bradyrhizobiaceae	153	Bradyrhizobiaceae	Planococcaceae	1.0	Anterior_nares	Anterior_nares	Anterior_nares	#8000ff	#8000ff	#8000ff	8.0	4.0	#a2f9a0	#4df3ce
Planococcaceae	154	Planococcaceae	Chromatiaceae	1.0	Anterior_nares	Anterior_nares	Anterior_nares	#8000ff	#8000ff	#8000ff	8.0	4.0	#a2f9a0	#4df3ce
Chromatiaceae	155	Chromatiaceae	Planococcaceae	1.0	Anterior_nares	Anterior_nares	Anterior_nares	#8000ff	#8000ff	#8000ff	8.0	4.0	#a2f9a0	#4df3ce
Planococcaceae	156	Planococcaceae	Geodermatophilaceae	1.0	Anterior_nares	Anterior_nares	Anterior_nares	#8000ff	#8000ff	#8000ff	8.0	4.0	#a2f9a0	#4df3ce
Geodermatophilaceae	157	Geodermatophilaceae	Planococcaceae	1.0	Anterior_nares	Anterior_nares	Anterior_nares	#8000ff	#8000ff	#8000ff	8.0	4.0	#a2f9a0	#4df3ce
Planococcaceae	158	Planococcaceae	Hydrogenophilaceae	1.0	Anterior_nares	Anterior_nares	Anterior_nares	#8000ff	#8000ff	#8000ff	8.0	4.0	#a2f9a0	#4df3ce
Hydrogenophilaceae	159	Hydrogenophilaceae	Planococcaceae	1.0	Anterior_nares	Anterior_nares	Anterior_nares	#8000ff	#8000ff	#8000ff	8.0	4.0	#a2f9a0	#4df3ce
Planococcaceae	160	Planococcaceae	Intrasporangiaceae	1.0	Anterior_nares	Anterior_nares	Anterior_nares	#8000ff	#8000ff	#8000ff	8.0	4.0	#a2f9a0	#4df3ce
Intrasporangiaceae	161	Intrasporangiaceae	Planococcaceae	1.0	Anterior_nares	Anterior_nares	Anterior_nares	#8000ff	#8000ff	#8000ff	8.0	4.0	#a2f9a0	#4df3ce
Planococcaceae	162	Planococcaceae	Mycobacteriaceae	1.0	Anterior_nares	Posterior_fornix	Intertype	#8000ff	#4df3ce	#cccccc	8.0	4.0	#a2f9a0	#4df3ce
Mycobacteriaceae	163	Mycobacteriaceae	Planococcaceae	1.0	Posterior_fornix	Anterior_nares	Intertype	#4df3ce	#8000ff	#cccccc	8.0	4.0	#a2f9a0	#4df3ce
Porphyromonadaceae	164	Porphyromonadaceae	Aerococcaceae	1.0	Stool	Posterior_fornix	Intertype	#b2f396	#4df3ce	#cccccc	12.0	2.0	#ff703a	#1996f3
Aerococcaceae	165	Aerococcaceae	Porphyromonadaceae	1.0	Posterior_fornix	Stool	Intertype	#4df3ce	#b2f396	#cccccc	12.0	2.0	#ff703a	#1996f3
Porphyromonadaceae	166	Porphyromonadaceae	Fusobacteriaceae	1.0	Stool	Tongue_dorsum	Intertype	#b2f396	#ff0000	#cccccc	12.0	2.0	#ff703a	#1996f3
Fusobacteriaceae	167	Fusobacteriaceae	Porphyromonadaceae	1.0	Tongue_dorsum	Stool	Intertype	#ff0000	#b2f396	#cccccc	12.0	2.0	#ff703a	#1996f3
Prevotellaceae	168	Prevotellaceae	Cellulomonadaceae	1.0	Tongue_dorsum	Stool	Intertype	#ff0000	#b2f396	#cccccc	10.0	2.0	#ecc86f	#1996f3
Cellulomonadaceae	169	Cellulomonadaceae	Prevotellaceae	1.0	Stool	Tongue_dorsum	Intertype	#b2f396	#ff0000	#cccccc	10.0	2.0	#ecc86f	#1996f3
Prolixibacteraceae	170	Prolixibacteraceae	Peptococcaceae	1.0	Buccal_mucosa	Stool	Intertype	#1996f3	#b2f396	#cccccc	7.0	7.0	#7effb5	#e4cf74
Peptococcaceae	171	Peptococcaceae	Prolixibacteraceae	1.0	Stool	Buccal_mucosa	Intertype	#b2f396	#1996f3	#cccccc	7.0	7.0	#7effb5	#e4cf74
Promicromonosporaceae	172	Promicromonosporaceae	Neisseriaceae	1.0	Tongue_dorsum	Throat	Intertype	#ff0000	#ff5029	#cccccc	9.0	2.0	#c6e789	#1996f3
Neisseriaceae	173	Neisseriaceae	Promicromonosporaceae	1.0	Throat	Tongue_dorsum	Intertype	#ff5029	#ff0000	#cccccc	9.0	2.0	#c6e789	#1996f3
Propionibacteriaceae	174	Propionibacteriaceae	Burkholderiaceae	1.0	Anterior_nares	Supragingival_plaque	Intertype	#8000ff	#ff964f	#cccccc	14.0	1.0	#ff0000	#4e4dfc
Burkholderiaceae	175	Burkholderiaceae	Propionibacteriaceae	1.0	Supragingival_plaque	Anterior_nares	Intertype	#ff964f	#8000ff	#cccccc	14.0	1.0	#ff0000	#4e4dfc
Pseudomonadaceae	176	Pseudomonadaceae	Nocardiaceae	1.0	Posterior_fornix	Posterior_fornix	Posterior_fornix	#4df3ce	#4df3ce	#4df3ce	11.0	8.0	#ffa055	#ff964f
Nocardiaceae	177	Nocardiaceae	Pseudomonadaceae	1.0	Posterior_fornix	Posterior_fornix	Posterior_fornix	#4df3ce	#4df3ce	#4df3ce	11.0	8.0	#ffa055	#ff964f
Pseudomonadaceae	178	Pseudomonadaceae	Oxalobacteraceae	1.0	Posterior_fornix	Posterior_fornix	Posterior_fornix	#4df3ce	#4df3ce	#4df3ce	11.0	8.0	#ffa055	#ff964f
Oxalobacteraceae	179	Oxalobacteraceae	Pseudomonadaceae	1.0	Posterior_fornix	Posterior_fornix	Posterior_fornix	#4df3ce	#4df3ce	#4df3ce	12.0	8.0	#ff703a	#ff964f
Rhodobacteraceae	180	Rhodobacteraceae	Listeriaceae	1.0	Anterior_nares	Saliva	Intertype	#8000ff	#7effb5	#cccccc	5.0	10.0	#37e6d8	#ff0000
Listeriaceae	181	Listeriaceae	Rhodobacteraceae	1.0	Saliva	Anterior_nares	Intertype	#7effb5	#8000ff	#cccccc	5.0	10.0	#37e6d8	#ff0000
Rhodobacteraceae	182	Rhodobacteraceae	Peptoniphilaceae	1.0	Anterior_nares	Anterior_nares	Anterior_nares	#8000ff	#8000ff	#8000ff	5.0	10.0	#37e6d8	#ff0000
Peptoniphilaceae	183	Peptoniphilaceae	Rhodobacteraceae	1.0	Anterior_nares	Anterior_nares	Anterior_nares	#8000ff	#8000ff	#8000ff	5.0	10.0	#37e6d8	#ff0000
Rikenellaceae	184	Rikenellaceae	Acidaminococcaceae	1.0	Stool	Stool	Stool	#b2f396	#b2f396	#b2f396	6.0	0.0	#5af8c8	#8000ff
Acidaminococcaceae	185	Acidaminococcaceae	Rikenellaceae	1.0	Stool	Stool	Stool	#b2f396	#b2f396	#b2f396	6.0	0.0	#5af8c8	#8000ff
Rikenellaceae	186	Rikenellaceae	Bacteroidaceae	1.0	Stool	Stool	Stool	#b2f396	#b2f396	#b2f396	6.0	0.0	#5af8c8	#8000ff
Bacteroidaceae	187	Bacteroidaceae	Rikenellaceae	1.0	Stool	Stool	Stool	#b2f396	#b2f396	#b2f396	4.0	0.0	#10c6e6	#8000ff
Ruminococcaceae	188	Ruminococcaceae	Cytophagaceae	1.0	Stool	Anterior_nares	Intertype	#b2f396	#8000ff	#cccccc	1.0	9.0	#5c38fd	#ff5029
Cytophagaceae	189	Cytophagaceae	Ruminococcaceae	1.0	Anterior_nares	Stool	Intertype	#8000ff	#b2f396	#cccccc	1.0	9.0	#5c38fd	#ff5029
Ruminococcaceae	190	Ruminococcaceae	Eubacteriaceae	1.0	Stool	Stool	Stool	#b2f396	#b2f396	#b2f396	1.0	9.0	#5c38fd	#ff5029
Eubacteriaceae	191	Eubacteriaceae	Ruminococcaceae	1.0	Stool	Stool	Stool	#b2f396	#b2f396	#b2f396	1.0	9.0	#5c38fd	#ff5029
Sanguibacteraceae	192	Sanguibacteraceae	Dermacoccaceae	1.0	Tongue_dorsum	Tongue_dorsum	Tongue_dorsum	#ff0000	#ff0000	#ff0000	0.0	1.0	#8000ff	#4e4dfc
Dermacoccaceae	193	Dermacoccaceae	Sanguibacteraceae	1.0	Tongue_dorsum	Tongue_dorsum	Tongue_dorsum	#ff0000	#ff0000	#ff0000	0.0	1.0	#8000ff	#4e4dfc
Sanguibacteraceae	194	Sanguibacteraceae	Erysipelotrichaceae	1.0	Tongue_dorsum	Throat	Intertype	#ff0000	#ff5029	#cccccc	0.0	1.0	#8000ff	#4e4dfc
Erysipelotrichaceae	195	Erysipelotrichaceae	Sanguibacteraceae	1.0	Throat	Tongue_dorsum	Intertype	#ff5029	#ff0000	#cccccc	0.0	1.0	#8000ff	#4e4dfc
Sanguibacteraceae	196	Sanguibacteraceae	Leptotrichiaceae	1.0	Tongue_dorsum	Supragingival_plaque	Intertype	#ff0000	#ff964f	#cccccc	0.0	1.0	#8000ff	#4e4dfc
Leptotrichiaceae	197	Leptotrichiaceae	Sanguibacteraceae	1.0	Supragingival_plaque	Tongue_dorsum	Intertype	#ff964f	#ff0000	#cccccc	0.0	1.0	#8000ff	#4e4dfc
Sanguibacteraceae	198	Sanguibacteraceae	Mycoplasmataceae	1.0	Tongue_dorsum	Posterior_fornix	Intertype	#ff0000	#4df3ce	#cccccc	0.0	1.0	#8000ff	#4e4dfc
Mycoplasmataceae	199	Mycoplasmataceae	Sanguibacteraceae	1.0	Posterior_fornix	Tongue_dorsum	Intertype	#4df3ce	#ff0000	#cccccc	12.0	1.0	#ff703a	#4e4dfc
Sphingomonadaceae	200	Sphingomonadaceae	Pseudomonadaceae	1.0	Anterior_nares	Posterior_fornix	Intertype	#8000ff	#4df3ce	#cccccc	12.0	8.0	#ff703a	#ff964f
Pseudomonadaceae	201	Pseudomonadaceae	Sphingomonadaceae	1.0	Posterior_fornix	Anterior_nares	Intertype	#4df3ce	#8000ff	#cccccc	11.0	8.0	#ffa055	#ff964f
Spirochaetaceae	202	Spirochaetaceae	Eggerthellaceae	1.0	Subgingival_plaque	Stool	Intertype	#e4cf74	#b2f396	#cccccc	12.0	2.0	#ff703a	#1996f3
Eggerthellaceae	203	Eggerthellaceae	Spirochaetaceae	1.0	Stool	Subgingival_plaque	Intertype	#b2f396	#e4cf74	#cccccc	1.0	9.0	#5c38fd	#ff5029
Spirochaetaceae	204	Spirochaetaceae	Fusobacteriaceae	1.0	Subgingival_plaque	Tongue_dorsum	Intertype	#e4cf74	#ff0000	#cccccc	12.0	2.0	#ff703a	#1996f3
Fusobacteriaceae	205	Fusobacteriaceae	Spirochaetaceae	1.0	Tongue_dorsum	Subgingival_plaque	Intertype	#ff0000	#e4cf74	#cccccc	12.0	2.0	#ff703a	#1996f3
Spirochaetaceae	206	Spirochaetaceae	Micrococcaceae	1.0	Subgingival_plaque	Buccal_mucosa	Intertype	#e4cf74	#1996f3	#cccccc	12.0	2.0	#ff703a	#1996f3
Micrococcaceae	207	Micrococcaceae	Spirochaetaceae	1.0	Buccal_mucosa	Subgingival_plaque	Intertype	#1996f3	#e4cf74	#cccccc	0.0	2.0	#8000ff	#1996f3
Spirochaetaceae	208	Spirochaetaceae	Neisseriaceae	1.0	Subgingival_plaque	Throat	Intertype	#e4cf74	#ff5029	#cccccc	12.0	2.0	#ff703a	#1996f3
Neisseriaceae	209	Neisseriaceae	Spirochaetaceae	1.0	Throat	Subgingival_plaque	Intertype	#ff5029	#e4cf74	#cccccc	9.0	2.0	#c6e789	#1996f3
Spirochaetaceae	210	Spirochaetaceae	Porphyromonadaceae	1.0	Subgingival_plaque	Stool	Intertype	#e4cf74	#b2f396	#cccccc	12.0	2.0	#ff703a	#1996f3
Porphyromonadaceae	211	Porphyromonadaceae	Spirochaetaceae	1.0	Stool	Subgingival_plaque	Intertype	#b2f396	#e4cf74	#cccccc	12.0	2.0	#ff703a	#1996f3
Staphylococcaceae	212	Staphylococcaceae	Aurantimonadaceae	1.0	Anterior_nares	Anterior_nares	Anterior_nares	#8000ff	#8000ff	#8000ff	2.0	6.0	#386df9	#b2f396
Aurantimonadaceae	213	Aurantimonadaceae	Staphylococcaceae	1.0	Anterior_nares	Anterior_nares	Anterior_nares	#8000ff	#8000ff	#8000ff	2.0	6.0	#386df9	#b2f396
Staphylococcaceae	214	Staphylococcaceae	Chromobacteriaceae	1.0	Anterior_nares	Anterior_nares	Anterior_nares	#8000ff	#8000ff	#8000ff	2.0	6.0	#386df9	#b2f396
Chromobacteriaceae	215	Chromobacteriaceae	Staphylococcaceae	1.0	Anterior_nares	Anterior_nares	Anterior_nares	#8000ff	#8000ff	#8000ff	2.0	6.0	#386df9	#b2f396
Staphylococcaceae	216	Staphylococcaceae	Enterobacteriaceae	1.0	Anterior_nares	Stool	Intertype	#8000ff	#b2f396	#cccccc	2.0	6.0	#386df9	#b2f396
Enterobacteriaceae	217	Enterobacteriaceae	Staphylococcaceae	1.0	Stool	Anterior_nares	Intertype	#b2f396	#8000ff	#cccccc	12.0	6.0	#ff703a	#b2f396
Staphylococcaceae	218	Staphylococcaceae	Helicobacteraceae	1.0	Anterior_nares	Anterior_nares	Anterior_nares	#8000ff	#8000ff	#8000ff	2.0	6.0	#386df9	#b2f396
Helicobacteraceae	219	Helicobacteraceae	Staphylococcaceae	1.0	Anterior_nares	Anterior_nares	Anterior_nares	#8000ff	#8000ff	#8000ff	2.0	6.0	#386df9	#b2f396
Streptococcaceae	220	Streptococcaceae	Micrococcaceae	1.0	Buccal_mucosa	Buccal_mucosa	Buccal_mucosa	#1996f3	#1996f3	#1996f3	12.0	2.0	#ff703a	#1996f3
Micrococcaceae	221	Micrococcaceae	Streptococcaceae	1.0	Buccal_mucosa	Buccal_mucosa	Buccal_mucosa	#1996f3	#1996f3	#1996f3	0.0	2.0	#8000ff	#1996f3
Streptomycetaceae	222	Streptomycetaceae	Aurantimonadaceae	1.0	Anterior_nares	Anterior_nares	Anterior_nares	#8000ff	#8000ff	#8000ff	2.0	6.0	#386df9	#b2f396
Aurantimonadaceae	223	Aurantimonadaceae	Streptomycetaceae	1.0	Anterior_nares	Anterior_nares	Anterior_nares	#8000ff	#8000ff	#8000ff	2.0	6.0	#386df9	#b2f396
Streptomycetaceae	224	Streptomycetaceae	Chromobacteriaceae	1.0	Anterior_nares	Anterior_nares	Anterior_nares	#8000ff	#8000ff	#8000ff	2.0	6.0	#386df9	#b2f396
Chromobacteriaceae	225	Chromobacteriaceae	Streptomycetaceae	1.0	Anterior_nares	Anterior_nares	Anterior_nares	#8000ff	#8000ff	#8000ff	2.0	6.0	#386df9	#b2f396
Streptomycetaceae	226	Streptomycetaceae	Helicobacteraceae	1.0	Anterior_nares	Anterior_nares	Anterior_nares	#8000ff	#8000ff	#8000ff	2.0	6.0	#386df9	#b2f396
Helicobacteraceae	227	Helicobacteraceae	Streptomycetaceae	1.0	Anterior_nares	Anterior_nares	Anterior_nares	#8000ff	#8000ff	#8000ff	2.0	6.0	#386df9	#b2f396
Streptomycetaceae	228	Streptomycetaceae	Microbacteriaceae	1.0	Anterior_nares	Anterior_nares	Anterior_nares	#8000ff	#8000ff	#8000ff	2.0	6.0	#386df9	#b2f396
Microbacteriaceae	229	Microbacteriaceae	Streptomycetaceae	1.0	Anterior_nares	Anterior_nares	Anterior_nares	#8000ff	#8000ff	#8000ff	2.0	6.0	#386df9	#b2f396
Streptomycetaceae	230	Streptomycetaceae	Staphylococcaceae	1.0	Anterior_nares	Anterior_nares	Anterior_nares	#8000ff	#8000ff	#8000ff	2.0	6.0	#386df9	#b2f396
Staphylococcaceae	231	Staphylococcaceae	Streptomycetaceae	1.0	Anterior_nares	Anterior_nares	Anterior_nares	#8000ff	#8000ff	#8000ff	2.0	6.0	#386df9	#b2f396
Thermoactinomycetaceae	232	Thermoactinomycetaceae	Aurantimonadaceae	1.0	Anterior_nares	Anterior_nares	Anterior_nares	#8000ff	#8000ff	#8000ff	2.0	6.0	#386df9	#b2f396
Aurantimonadaceae	233	Aurantimonadaceae	Thermoactinomycetaceae	1.0	Anterior_nares	Anterior_nares	Anterior_nares	#8000ff	#8000ff	#8000ff	2.0	6.0	#386df9	#b2f396
Thermoactinomycetaceae	234	Thermoactinomycetaceae	Chromobacteriaceae	1.0	Anterior_nares	Anterior_nares	Anterior_nares	#8000ff	#8000ff	#8000ff	2.0	6.0	#386df9	#b2f396
Chromobacteriaceae	235	Chromobacteriaceae	Thermoactinomycetaceae	1.0	Anterior_nares	Anterior_nares	Anterior_nares	#8000ff	#8000ff	#8000ff	2.0	6.0	#386df9	#b2f396
Thermoactinomycetaceae	236	Thermoactinomycetaceae	Helicobacteraceae	1.0	Anterior_nares	Anterior_nares	Anterior_nares	#8000ff	#8000ff	#8000ff	2.0	6.0	#386df9	#b2f396
Helicobacteraceae	237	Helicobacteraceae	Thermoactinomycetaceae	1.0	Anterior_nares	Anterior_nares	Anterior_nares	#8000ff	#8000ff	#8000ff	2.0	6.0	#386df9	#b2f396
Thermoactinomycetaceae	238	Thermoactinomycetaceae	Microbacteriaceae	1.0	Anterior_nares	Anterior_nares	Anterior_nares	#8000ff	#8000ff	#8000ff	2.0	6.0	#386df9	#b2f396
Microbacteriaceae	239	Microbacteriaceae	Thermoactinomycetaceae	1.0	Anterior_nares	Anterior_nares	Anterior_nares	#8000ff	#8000ff	#8000ff	2.0	6.0	#386df9	#b2f396
Thermoactinomycetaceae	240	Thermoactinomycetaceae	Staphylococcaceae	1.0	Anterior_nares	Anterior_nares	Anterior_nares	#8000ff	#8000ff	#8000ff	2.0	6.0	#386df9	#b2f396
Staphylococcaceae	241	Staphylococcaceae	Thermoactinomycetaceae	1.0	Anterior_nares	Anterior_nares	Anterior_nares	#8000ff	#8000ff	#8000ff	2.0	6.0	#386df9	#b2f396
Thermoactinomycetaceae	242	Thermoactinomycetaceae	Streptomycetaceae	1.0	Anterior_nares	Anterior_nares	Anterior_nares	#8000ff	#8000ff	#8000ff	2.0	6.0	#386df9	#b2f396
Streptomycetaceae	243	Streptomycetaceae	Thermoactinomycetaceae	1.0	Anterior_nares	Anterior_nares	Anterior_nares	#8000ff	#8000ff	#8000ff	2.0	6.0	#386df9	#b2f396
Veillonellaceae	244	Veillonellaceae	Burkholderiaceae	1.0	Tongue_dorsum	Supragingival_plaque	Intertype	#ff0000	#ff964f	#cccccc	12.0	1.0	#ff703a	#4e4dfc
Burkholderiaceae	245	Burkholderiaceae	Veillonellaceae	1.0	Supragingival_plaque	Tongue_dorsum	Intertype	#ff964f	#ff0000	#cccccc	14.0	1.0	#ff0000	#4e4dfc
Veillonellaceae	246	Veillonellaceae	Campylobacteraceae	1.0	Tongue_dorsum	Supragingival_plaque	Intertype	#ff0000	#ff964f	#cccccc	12.0	1.0	#ff703a	#4e4dfc
Campylobacteraceae	247	Campylobacteraceae	Veillonellaceae	1.0	Supragingival_plaque	Tongue_dorsum	Intertype	#ff964f	#ff0000	#cccccc	5.0	1.0	#37e6d8	#4e4dfc
Veillonellaceae	248	Veillonellaceae	Cardiobacteriaceae	1.0	Tongue_dorsum	Supragingival_plaque	Intertype	#ff0000	#ff964f	#cccccc	12.0	1.0	#ff703a	#4e4dfc
Cardiobacteriaceae	249	Cardiobacteriaceae	Veillonellaceae	1.0	Supragingival_plaque	Tongue_dorsum	Intertype	#ff964f	#ff0000	#cccccc	14.0	1.0	#ff0000	#4e4dfc
Veillonellaceae	250	Veillonellaceae	Cellulomonadaceae	1.0	Tongue_dorsum	Stool	Intertype	#ff0000	#b2f396	#cccccc	12.0	1.0	#ff703a	#4e4dfc
Cellulomonadaceae	251	Cellulomonadaceae	Veillonellaceae	1.0	Stool	Tongue_dorsum	Intertype	#b2f396	#ff0000	#cccccc	10.0	2.0	#ecc86f	#1996f3
Veillonellaceae	252	Veillonellaceae	Clostridiaceae	1.0	Tongue_dorsum	Stool	Intertype	#ff0000	#b2f396	#cccccc	12.0	1.0	#ff703a	#4e4dfc
Clostridiaceae	253	Clostridiaceae	Veillonellaceae	1.0	Stool	Tongue_dorsum	Intertype	#b2f396	#ff0000	#cccccc	12.0	7.0	#ff703a	#e4cf74
Veillonellaceae	254	Veillonellaceae	Clostridiales Family XIII. Incertae Sedis	1.0	Tongue_dorsum	Tongue_dorsum	Tongue_dorsum	#ff0000	#ff0000	#ff0000	12.0	1.0	#ff703a	#4e4dfc
Clostridiales Family XIII. Incertae Sedis	255	Clostridiales Family XIII. Incertae Sedis	Veillonellaceae	1.0	Tongue_dorsum	Tongue_dorsum	Tongue_dorsum	#ff0000	#ff0000	#ff0000	0.0	1.0	#8000ff	#4e4dfc
Veillonellaceae	256	Veillonellaceae	Corynebacteriaceae	1.0	Tongue_dorsum	Supragingival_plaque	Intertype	#ff0000	#ff964f	#cccccc	12.0	1.0	#ff703a	#4e4dfc
Corynebacteriaceae	257	Corynebacteriaceae	Veillonellaceae	1.0	Supragingival_plaque	Tongue_dorsum	Intertype	#ff964f	#ff0000	#cccccc	12.0	1.0	#ff703a	#4e4dfc
Veillonellaceae	258	Veillonellaceae	Eggerthellaceae	1.0	Tongue_dorsum	Stool	Intertype	#ff0000	#b2f396	#cccccc	12.0	1.0	#ff703a	#4e4dfc
Eggerthellaceae	259	Eggerthellaceae	Veillonellaceae	1.0	Stool	Tongue_dorsum	Intertype	#b2f396	#ff0000	#cccccc	1.0	9.0	#5c38fd	#ff5029
Veillonellaceae	260	Veillonellaceae	Erythrobacteraceae	1.0	Tongue_dorsum	Buccal_mucosa	Intertype	#ff0000	#1996f3	#cccccc	12.0	1.0	#ff703a	#4e4dfc
Erythrobacteraceae	261	Erythrobacteraceae	Veillonellaceae	1.0	Buccal_mucosa	Tongue_dorsum	Intertype	#1996f3	#ff0000	#cccccc	12.0	1.0	#ff703a	#4e4dfc
Veillonellaceae	262	Veillonellaceae	Eubacteriaceae	1.0	Tongue_dorsum	Stool	Intertype	#ff0000	#b2f396	#cccccc	12.0	1.0	#ff703a	#4e4dfc
Eubacteriaceae	263	Eubacteriaceae	Veillonellaceae	1.0	Stool	Tongue_dorsum	Intertype	#b2f396	#ff0000	#cccccc	1.0	9.0	#5c38fd	#ff5029
Veillonellaceae	264	Veillonellaceae	Flavobacteriaceae	1.0	Tongue_dorsum	Supragingival_plaque	Intertype	#ff0000	#ff964f	#cccccc	12.0	1.0	#ff703a	#4e4dfc
Flavobacteriaceae	265	Flavobacteriaceae	Veillonellaceae	1.0	Supragingival_plaque	Tongue_dorsum	Intertype	#ff964f	#ff0000	#cccccc	12.0	1.0	#ff703a	#4e4dfc
Veillonellaceae	266	Veillonellaceae	Fusobacteriaceae	1.0	Tongue_dorsum	Tongue_dorsum	Tongue_dorsum	#ff0000	#ff0000	#ff0000	12.0	1.0	#ff703a	#4e4dfc
Fusobacteriaceae	267	Fusobacteriaceae	Veillonellaceae	1.0	Tongue_dorsum	Tongue_dorsum	Tongue_dorsum	#ff0000	#ff0000	#ff0000	12.0	2.0	#ff703a	#1996f3
Veillonellaceae	268	Veillonellaceae	Halomonadaceae	1.0	Tongue_dorsum	Attached	Intertype	#ff0000	#4e4dfc	#cccccc	12.0	1.0	#ff703a	#4e4dfc
Halomonadaceae	269	Halomonadaceae	Veillonellaceae	1.0	Attached	Tongue_dorsum	Intertype	#4e4dfc	#ff0000	#cccccc	12.0	1.0	#ff703a	#4e4dfc
Veillonellaceae	270	Veillonellaceae	Leptotrichiaceae	1.0	Tongue_dorsum	Supragingival_plaque	Intertype	#ff0000	#ff964f	#cccccc	12.0	1.0	#ff703a	#4e4dfc
Leptotrichiaceae	271	Leptotrichiaceae	Veillonellaceae	1.0	Supragingival_plaque	Tongue_dorsum	Intertype	#ff964f	#ff0000	#cccccc	0.0	1.0	#8000ff	#4e4dfc
Veillonellaceae	272	Veillonellaceae	Microbacteriaceae	1.0	Tongue_dorsum	Anterior_nares	Intertype	#ff0000	#8000ff	#cccccc	12.0	1.0	#ff703a	#4e4dfc
Microbacteriaceae	273	Microbacteriaceae	Veillonellaceae	1.0	Anterior_nares	Tongue_dorsum	Intertype	#8000ff	#ff0000	#cccccc	2.0	6.0	#386df9	#b2f396
Veillonellaceae	274	Veillonellaceae	Neisseriaceae	1.0	Tongue_dorsum	Throat	Intertype	#ff0000	#ff5029	#cccccc	12.0	1.0	#ff703a	#4e4dfc
Neisseriaceae	275	Neisseriaceae	Veillonellaceae	1.0	Throat	Tongue_dorsum	Intertype	#ff5029	#ff0000	#cccccc	9.0	2.0	#c6e789	#1996f3
Veillonellaceae	276	Veillonellaceae	Oxalobacteraceae	1.0	Tongue_dorsum	Posterior_fornix	Intertype	#ff0000	#4df3ce	#cccccc	12.0	1.0	#ff703a	#4e4dfc
Oxalobacteraceae	277	Oxalobacteraceae	Veillonellaceae	1.0	Posterior_fornix	Tongue_dorsum	Intertype	#4df3ce	#ff0000	#cccccc	12.0	8.0	#ff703a	#ff964f
Veillonellaceae	278	Veillonellaceae	Peptostreptococcaceae	1.0	Tongue_dorsum	Throat	Intertype	#ff0000	#ff5029	#cccccc	12.0	1.0	#ff703a	#4e4dfc
Peptostreptococcaceae	279	Peptostreptococcaceae	Veillonellaceae	1.0	Throat	Tongue_dorsum	Intertype	#ff5029	#ff0000	#cccccc	12.0	1.0	#ff703a	#4e4dfc
Veillonellaceae	280	Veillonellaceae	Propionibacteriaceae	1.0	Tongue_dorsum	Anterior_nares	Intertype	#ff0000	#8000ff	#cccccc	12.0	1.0	#ff703a	#4e4dfc
Propionibacteriaceae	281	Propionibacteriaceae	Veillonellaceae	1.0	Anterior_nares	Tongue_dorsum	Intertype	#8000ff	#ff0000	#cccccc	14.0	1.0	#ff0000	#4e4dfc
Veillonellaceae	282	Veillonellaceae	Streptococcaceae	1.0	Tongue_dorsum	Buccal_mucosa	Intertype	#ff0000	#1996f3	#cccccc	12.0	1.0	#ff703a	#4e4dfc
Streptococcaceae	283	Streptococcaceae	Veillonellaceae	1.0	Buccal_mucosa	Tongue_dorsum	Intertype	#1996f3	#ff0000	#cccccc	12.0	2.0	#ff703a	#1996f3
Xanthomonadaceae	284	Xanthomonadaceae	Alcaligenaceae	1.0	Anterior_nares	Anterior_nares	Anterior_nares	#8000ff	#8000ff	#8000ff	8.0	4.0	#a2f9a0	#4df3ce
Alcaligenaceae	285	Alcaligenaceae	Xanthomonadaceae	1.0	Anterior_nares	Anterior_nares	Anterior_nares	#8000ff	#8000ff	#8000ff	8.0	4.0	#a2f9a0	#4df3ce
Xanthomonadaceae	286	Xanthomonadaceae	Bacillaceae	1.0	Anterior_nares	Anterior_nares	Anterior_nares	#8000ff	#8000ff	#8000ff	8.0	4.0	#a2f9a0	#4df3ce
Bacillaceae	287	Bacillaceae	Xanthomonadaceae	1.0	Anterior_nares	Anterior_nares	Anterior_nares	#8000ff	#8000ff	#8000ff	8.0	4.0	#a2f9a0	#4df3ce
Xanthomonadaceae	288	Xanthomonadaceae	Bradyrhizobiaceae	1.0	Anterior_nares	Anterior_nares	Anterior_nares	#8000ff	#8000ff	#8000ff	8.0	4.0	#a2f9a0	#4df3ce
Bradyrhizobiaceae	289	Bradyrhizobiaceae	Xanthomonadaceae	1.0	Anterior_nares	Anterior_nares	Anterior_nares	#8000ff	#8000ff	#8000ff	8.0	4.0	#a2f9a0	#4df3ce
Xanthomonadaceae	290	Xanthomonadaceae	Chromatiaceae	1.0	Anterior_nares	Anterior_nares	Anterior_nares	#8000ff	#8000ff	#8000ff	8.0	4.0	#a2f9a0	#4df3ce
Chromatiaceae	291	Chromatiaceae	Xanthomonadaceae	1.0	Anterior_nares	Anterior_nares	Anterior_nares	#8000ff	#8000ff	#8000ff	8.0	4.0	#a2f9a0	#4df3ce
Xanthomonadaceae	292	Xanthomonadaceae	Enterobacteriaceae	1.0	Anterior_nares	Stool	Intertype	#8000ff	#b2f396	#cccccc	8.0	4.0	#a2f9a0	#4df3ce
Enterobacteriaceae	293	Enterobacteriaceae	Xanthomonadaceae	1.0	Stool	Anterior_nares	Intertype	#b2f396	#8000ff	#cccccc	12.0	6.0	#ff703a	#b2f396
Xanthomonadaceae	294	Xanthomonadaceae	Geodermatophilaceae	1.0	Anterior_nares	Anterior_nares	Anterior_nares	#8000ff	#8000ff	#8000ff	8.0	4.0	#a2f9a0	#4df3ce
Geodermatophilaceae	295	Geodermatophilaceae	Xanthomonadaceae	1.0	Anterior_nares	Anterior_nares	Anterior_nares	#8000ff	#8000ff	#8000ff	8.0	4.0	#a2f9a0	#4df3ce
Xanthomonadaceae	296	Xanthomonadaceae	Hydrogenophilaceae	1.0	Anterior_nares	Anterior_nares	Anterior_nares	#8000ff	#8000ff	#8000ff	8.0	4.0	#a2f9a0	#4df3ce
Hydrogenophilaceae	297	Hydrogenophilaceae	Xanthomonadaceae	1.0	Anterior_nares	Anterior_nares	Anterior_nares	#8000ff	#8000ff	#8000ff	8.0	4.0	#a2f9a0	#4df3ce
Xanthomonadaceae	298	Xanthomonadaceae	Intrasporangiaceae	1.0	Anterior_nares	Anterior_nares	Anterior_nares	#8000ff	#8000ff	#8000ff	8.0	4.0	#a2f9a0	#4df3ce
Intrasporangiaceae	299	Intrasporangiaceae	Xanthomonadaceae	1.0	Anterior_nares	Anterior_nares	Anterior_nares	#8000ff	#8000ff	#8000ff	8.0	4.0	#a2f9a0	#4df3ce
Xanthomonadaceae	300	Xanthomonadaceae	Mycobacteriaceae	1.0	Anterior_nares	Posterior_fornix	Intertype	#8000ff	#4df3ce	#cccccc	8.0	4.0	#a2f9a0	#4df3ce
Mycobacteriaceae	301	Mycobacteriaceae	Xanthomonadaceae	1.0	Posterior_fornix	Anterior_nares	Intertype	#4df3ce	#8000ff	#cccccc	8.0	4.0	#a2f9a0	#4df3ce
Xanthomonadaceae	302	Xanthomonadaceae	Planococcaceae	1.0	Anterior_nares	Anterior_nares	Anterior_nares	#8000ff	#8000ff	#8000ff	8.0	4.0	#a2f9a0	#4df3ce
Planococcaceae	303	Planococcaceae	Xanthomonadaceae	1.0	Anterior_nares	Anterior_nares	Anterior_nares	#8000ff	#8000ff	#8000ff	8.0	4.0	#a2f9a0	#4df3ce
Xanthomonadaceae	304	Xanthomonadaceae	Sphingomonadaceae	1.0	Anterior_nares	Anterior_nares	Anterior_nares	#8000ff	#8000ff	#8000ff	8.0	4.0	#a2f9a0	#4df3ce
Sphingomonadaceae	305	Sphingomonadaceae	Xanthomonadaceae	1.0	Anterior_nares	Anterior_nares	Anterior_nares	#8000ff	#8000ff	#8000ff	12.0	8.0	#ff703a	#ff964f
