	source	target	weight	source_freq	target_freq	first_sample	second_sample	edge_sample	fscolor	sscolor	edcolor	num_samps
0	Arcanobacterium	Afipia	1.0	1	1	Anterior_nares	Throat	Intertype	#8000ff	#ff5029	#cccccc	7
1	Afipia	Arcanobacterium	1.0	1	1	Throat	Anterior_nares	Intertype	#ff5029	#8000ff	#cccccc	7
2	Arthrobacter	Aliterella	1.0	1	1	Anterior_nares	Anterior_nares	Anterior_nares	#8000ff	#8000ff	#8000ff	7
3	Aliterella	Arthrobacter	1.0	1	1	Anterior_nares	Anterior_nares	Anterior_nares	#8000ff	#8000ff	#8000ff	7
4	Atopobacter	Amphibacillus	1.0	1	1	Anterior_nares	Anterior_nares	Anterior_nares	#8000ff	#8000ff	#8000ff	7
5	Amphibacillus	Atopobacter	1.0	1	1	Anterior_nares	Anterior_nares	Anterior_nares	#8000ff	#8000ff	#8000ff	7
6	Aureimonas	Afipia	1.0	1	1	Anterior_nares	Throat	Intertype	#8000ff	#ff5029	#cccccc	7
7	Afipia	Aureimonas	1.0	1	1	Throat	Anterior_nares	Intertype	#ff5029	#8000ff	#cccccc	7
8	Aureimonas	Arcanobacterium	1.0	1	1	Anterior_nares	Anterior_nares	Anterior_nares	#8000ff	#8000ff	#8000ff	7
9	Arcanobacterium	Aureimonas	1.0	1	1	Anterior_nares	Anterior_nares	Anterior_nares	#8000ff	#8000ff	#8000ff	7
10	Azohydromonas	Aliterella	1.0	1	1	Anterior_nares	Anterior_nares	Anterior_nares	#8000ff	#8000ff	#8000ff	7
11	Aliterella	Azohydromonas	1.0	1	1	Anterior_nares	Anterior_nares	Anterior_nares	#8000ff	#8000ff	#8000ff	7
12	Azohydromonas	Arthrobacter	1.0	1	1	Anterior_nares	Anterior_nares	Anterior_nares	#8000ff	#8000ff	#8000ff	7
13	Arthrobacter	Azohydromonas	1.0	1	1	Anterior_nares	Anterior_nares	Anterior_nares	#8000ff	#8000ff	#8000ff	7
14	Blautia	Barnesiella	1.0	1	1	Stool	Stool	Stool	#b2f396	#b2f396	#b2f396	7
15	Barnesiella	Blautia	1.0	1	1	Stool	Stool	Stool	#b2f396	#b2f396	#b2f396	7
16	Calothrix	Aerococcus	0.860662965824	2	2	Anterior_nares	Posterior_fornix	Intertype	#8000ff	#4df3ce	#cccccc	7
17	Aerococcus	Calothrix	0.860662965824	2	2	Posterior_fornix	Anterior_nares	Intertype	#4df3ce	#8000ff	#cccccc	7
18	Calothrix	Amphibacillus	0.944444444444	2	1	Anterior_nares	Anterior_nares	Anterior_nares	#8000ff	#8000ff	#8000ff	7
19	Amphibacillus	Calothrix	0.944444444444	1	2	Anterior_nares	Anterior_nares	Anterior_nares	#8000ff	#8000ff	#8000ff	7
20	Calothrix	Atopobacter	0.944444444444	2	1	Anterior_nares	Anterior_nares	Anterior_nares	#8000ff	#8000ff	#8000ff	7
21	Atopobacter	Calothrix	0.944444444444	1	2	Anterior_nares	Anterior_nares	Anterior_nares	#8000ff	#8000ff	#8000ff	7
22	Capnocytophaga	Aliterella	0.915777325007	4	1	Supragingival_plaque	Anterior_nares	Intertype	#ff964f	#8000ff	#cccccc	7
23	Aliterella	Capnocytophaga	0.915777325007	1	4	Anterior_nares	Supragingival_plaque	Intertype	#8000ff	#ff964f	#cccccc	7
24	Capnocytophaga	Arthrobacter	0.915777325007	4	1	Supragingival_plaque	Anterior_nares	Intertype	#ff964f	#8000ff	#cccccc	7
25	Arthrobacter	Capnocytophaga	0.915777325007	1	4	Anterior_nares	Supragingival_plaque	Intertype	#8000ff	#ff964f	#cccccc	7
26	Capnocytophaga	Azohydromonas	0.915777325007	4	1	Supragingival_plaque	Anterior_nares	Intertype	#ff964f	#8000ff	#cccccc	7
27	Azohydromonas	Capnocytophaga	0.915777325007	1	4	Anterior_nares	Supragingival_plaque	Intertype	#8000ff	#ff964f	#cccccc	7
28	Clostridium	Barnesiella	0.987456948465	2	1	Stool	Stool	Stool	#b2f396	#b2f396	#b2f396	7
29	Barnesiella	Clostridium	0.987456948465	1	2	Stool	Stool	Stool	#b2f396	#b2f396	#b2f396	7
30	Clostridium	Blautia	0.987456948465	2	1	Stool	Stool	Stool	#b2f396	#b2f396	#b2f396	7
31	Blautia	Clostridium	0.987456948465	1	2	Stool	Stool	Stool	#b2f396	#b2f396	#b2f396	7
32	Coprococcus	Barnesiella	0.843373856175	2	1	Stool	Stool	Stool	#b2f396	#b2f396	#b2f396	7
33	Barnesiella	Coprococcus	0.843373856175	1	2	Stool	Stool	Stool	#b2f396	#b2f396	#b2f396	7
34	Coprococcus	Blautia	0.843373856175	2	1	Stool	Stool	Stool	#b2f396	#b2f396	#b2f396	7
35	Blautia	Coprococcus	0.843373856175	1	2	Stool	Stool	Stool	#b2f396	#b2f396	#b2f396	7
36	Coprococcus	Clostridium	0.91763315686	2	2	Stool	Stool	Stool	#b2f396	#b2f396	#b2f396	7
37	Clostridium	Coprococcus	0.91763315686	2	2	Stool	Stool	Stool	#b2f396	#b2f396	#b2f396	7
38	Corynebacterium	Coprococcus	0.820307696376	7	2	Supragingival_plaque	Stool	Intertype	#ff964f	#b2f396	#cccccc	7
39	Coprococcus	Corynebacterium	0.820307696376	2	7	Stool	Supragingival_plaque	Intertype	#b2f396	#ff964f	#cccccc	7
40	Crocosphaera	Afipia	1.0	1	1	Anterior_nares	Throat	Intertype	#8000ff	#ff5029	#cccccc	7
41	Afipia	Crocosphaera	1.0	1	1	Throat	Anterior_nares	Intertype	#ff5029	#8000ff	#cccccc	7
42	Crocosphaera	Arcanobacterium	1.0	1	1	Anterior_nares	Anterior_nares	Anterior_nares	#8000ff	#8000ff	#8000ff	7
43	Arcanobacterium	Crocosphaera	1.0	1	1	Anterior_nares	Anterior_nares	Anterior_nares	#8000ff	#8000ff	#8000ff	7
44	Crocosphaera	Aureimonas	1.0	1	1	Anterior_nares	Anterior_nares	Anterior_nares	#8000ff	#8000ff	#8000ff	7
45	Aureimonas	Crocosphaera	1.0	1	1	Anterior_nares	Anterior_nares	Anterior_nares	#8000ff	#8000ff	#8000ff	7
46	Delftia	Aliterella	1.0	1	1	Anterior_nares	Anterior_nares	Anterior_nares	#8000ff	#8000ff	#8000ff	7
47	Aliterella	Delftia	1.0	1	1	Anterior_nares	Anterior_nares	Anterior_nares	#8000ff	#8000ff	#8000ff	7
48	Delftia	Arthrobacter	1.0	1	1	Anterior_nares	Anterior_nares	Anterior_nares	#8000ff	#8000ff	#8000ff	7
49	Arthrobacter	Delftia	1.0	1	1	Anterior_nares	Anterior_nares	Anterior_nares	#8000ff	#8000ff	#8000ff	7
50	Delftia	Azohydromonas	1.0	1	1	Anterior_nares	Anterior_nares	Anterior_nares	#8000ff	#8000ff	#8000ff	7
51	Azohydromonas	Delftia	1.0	1	1	Anterior_nares	Anterior_nares	Anterior_nares	#8000ff	#8000ff	#8000ff	7
52	Delftia	Capnocytophaga	0.915777325007	1	4	Anterior_nares	Supragingival_plaque	Intertype	#8000ff	#ff964f	#cccccc	7
53	Capnocytophaga	Delftia	0.915777325007	4	1	Supragingival_plaque	Anterior_nares	Intertype	#ff964f	#8000ff	#cccccc	7
54	Dialister	Barnesiella	0.998701996523	2	1	Stool	Stool	Stool	#b2f396	#b2f396	#b2f396	7
55	Barnesiella	Dialister	0.998701996523	1	2	Stool	Stool	Stool	#b2f396	#b2f396	#b2f396	7
56	Dialister	Blautia	0.998701996523	2	1	Stool	Stool	Stool	#b2f396	#b2f396	#b2f396	7
57	Blautia	Dialister	0.998701996523	1	2	Stool	Stool	Stool	#b2f396	#b2f396	#b2f396	7
58	Dialister	Coprococcus	0.869647641076	2	2	Stool	Stool	Stool	#b2f396	#b2f396	#b2f396	7
59	Coprococcus	Dialister	0.869647641076	2	2	Stool	Stool	Stool	#b2f396	#b2f396	#b2f396	7
60	Dolosigranulum	Aerococcus	0.947360929789	3	2	Anterior_nares	Posterior_fornix	Intertype	#8000ff	#4df3ce	#cccccc	7
61	Aerococcus	Dolosigranulum	0.947360929789	2	3	Posterior_fornix	Anterior_nares	Intertype	#4df3ce	#8000ff	#cccccc	7
62	Dolosigranulum	Calothrix	0.81832034743	3	2	Anterior_nares	Anterior_nares	Anterior_nares	#8000ff	#8000ff	#8000ff	7
63	Calothrix	Dolosigranulum	0.81832034743	2	3	Anterior_nares	Anterior_nares	Anterior_nares	#8000ff	#8000ff	#8000ff	7
64	Enhydrobacter	Brevundimonas	1.0	1	1	Posterior_fornix	Anterior_nares	Intertype	#4df3ce	#8000ff	#cccccc	7
65	Brevundimonas	Enhydrobacter	1.0	1	1	Anterior_nares	Posterior_fornix	Intertype	#8000ff	#4df3ce	#cccccc	7
66	Escherichia	Enterobacter	1.0	1	1	Stool	Anterior_nares	Intertype	#b2f396	#8000ff	#cccccc	7
67	Enterobacter	Escherichia	1.0	1	1	Anterior_nares	Stool	Intertype	#8000ff	#b2f396	#cccccc	7
68	Eubacterium	Afipia	1.0	1	1	Subgingival_plaque	Throat	Intertype	#e4cf74	#ff5029	#cccccc	7
69	Afipia	Eubacterium	1.0	1	1	Throat	Subgingival_plaque	Intertype	#ff5029	#e4cf74	#cccccc	7
70	Eubacterium	Arcanobacterium	1.0	1	1	Subgingival_plaque	Anterior_nares	Intertype	#e4cf74	#8000ff	#cccccc	7
71	Arcanobacterium	Eubacterium	1.0	1	1	Anterior_nares	Subgingival_plaque	Intertype	#8000ff	#e4cf74	#cccccc	7
72	Eubacterium	Aureimonas	1.0	1	1	Subgingival_plaque	Anterior_nares	Intertype	#e4cf74	#8000ff	#cccccc	7
73	Aureimonas	Eubacterium	1.0	1	1	Anterior_nares	Subgingival_plaque	Intertype	#8000ff	#e4cf74	#cccccc	7
74	Eubacterium	Crocosphaera	1.0	1	1	Subgingival_plaque	Anterior_nares	Intertype	#e4cf74	#8000ff	#cccccc	7
75	Crocosphaera	Eubacterium	1.0	1	1	Anterior_nares	Subgingival_plaque	Intertype	#8000ff	#e4cf74	#cccccc	7
76	Exiguobacterium	Afipia	1.0	1	1	Anterior_nares	Throat	Intertype	#8000ff	#ff5029	#cccccc	7
77	Afipia	Exiguobacterium	1.0	1	1	Throat	Anterior_nares	Intertype	#ff5029	#8000ff	#cccccc	7
78	Exiguobacterium	Arcanobacterium	1.0	1	1	Anterior_nares	Anterior_nares	Anterior_nares	#8000ff	#8000ff	#8000ff	7
79	Arcanobacterium	Exiguobacterium	1.0	1	1	Anterior_nares	Anterior_nares	Anterior_nares	#8000ff	#8000ff	#8000ff	7
80	Exiguobacterium	Aureimonas	1.0	1	1	Anterior_nares	Anterior_nares	Anterior_nares	#8000ff	#8000ff	#8000ff	7
81	Aureimonas	Exiguobacterium	1.0	1	1	Anterior_nares	Anterior_nares	Anterior_nares	#8000ff	#8000ff	#8000ff	7
82	Exiguobacterium	Crocosphaera	1.0	1	1	Anterior_nares	Anterior_nares	Anterior_nares	#8000ff	#8000ff	#8000ff	7
83	Crocosphaera	Exiguobacterium	1.0	1	1	Anterior_nares	Anterior_nares	Anterior_nares	#8000ff	#8000ff	#8000ff	7
84	Exiguobacterium	Eubacterium	1.0	1	1	Anterior_nares	Subgingival_plaque	Intertype	#8000ff	#e4cf74	#cccccc	7
85	Eubacterium	Exiguobacterium	1.0	1	1	Subgingival_plaque	Anterior_nares	Intertype	#e4cf74	#8000ff	#cccccc	7
86	Facklamia	Aerococcus	1.0	2	2	Posterior_fornix	Posterior_fornix	Posterior_fornix	#4df3ce	#4df3ce	#4df3ce	7
87	Aerococcus	Facklamia	1.0	2	2	Posterior_fornix	Posterior_fornix	Posterior_fornix	#4df3ce	#4df3ce	#4df3ce	7
88	Facklamia	Calothrix	0.860662965824	2	2	Posterior_fornix	Anterior_nares	Intertype	#4df3ce	#8000ff	#cccccc	7
89	Calothrix	Facklamia	0.860662965824	2	2	Anterior_nares	Posterior_fornix	Intertype	#8000ff	#4df3ce	#cccccc	7
90	Facklamia	Dolosigranulum	0.947360929789	2	3	Posterior_fornix	Anterior_nares	Intertype	#4df3ce	#8000ff	#cccccc	7
91	Dolosigranulum	Facklamia	0.947360929789	3	2	Anterior_nares	Posterior_fornix	Intertype	#8000ff	#4df3ce	#cccccc	7
92	Fusobacterium	Bifidobacterium	0.999145309425	1	2	Tongue_dorsum	Stool	Intertype	#ff0000	#b2f396	#cccccc	7
93	Bifidobacterium	Fusobacterium	0.999145309425	2	1	Stool	Tongue_dorsum	Intertype	#b2f396	#ff0000	#cccccc	7
94	Granulicatella	Aliterella	0.911258556537	3	1	Attached	Anterior_nares	Intertype	#4e4dfc	#8000ff	#cccccc	7
95	Aliterella	Granulicatella	0.911258556537	1	3	Anterior_nares	Attached	Intertype	#8000ff	#4e4dfc	#cccccc	7
96	Granulicatella	Arthrobacter	0.911258556537	3	1	Attached	Anterior_nares	Intertype	#4e4dfc	#8000ff	#cccccc	7
97	Arthrobacter	Granulicatella	0.911258556537	1	3	Anterior_nares	Attached	Intertype	#8000ff	#4e4dfc	#cccccc	7
98	Granulicatella	Azohydromonas	0.911258556537	3	1	Attached	Anterior_nares	Intertype	#4e4dfc	#8000ff	#cccccc	7
99	Azohydromonas	Granulicatella	0.911258556537	1	3	Anterior_nares	Attached	Intertype	#8000ff	#4e4dfc	#cccccc	7
100	Granulicatella	Delftia	0.911258556537	3	1	Attached	Anterior_nares	Intertype	#4e4dfc	#8000ff	#cccccc	7
101	Delftia	Granulicatella	0.911258556537	1	3	Anterior_nares	Attached	Intertype	#8000ff	#4e4dfc	#cccccc	7
102	Gulbenkiania	Afipia	1.0	1	1	Anterior_nares	Throat	Intertype	#8000ff	#ff5029	#cccccc	7
103	Afipia	Gulbenkiania	1.0	1	1	Throat	Anterior_nares	Intertype	#ff5029	#8000ff	#cccccc	7
104	Gulbenkiania	Arcanobacterium	1.0	1	1	Anterior_nares	Anterior_nares	Anterior_nares	#8000ff	#8000ff	#8000ff	7
105	Arcanobacterium	Gulbenkiania	1.0	1	1	Anterior_nares	Anterior_nares	Anterior_nares	#8000ff	#8000ff	#8000ff	7
106	Gulbenkiania	Aureimonas	1.0	1	1	Anterior_nares	Anterior_nares	Anterior_nares	#8000ff	#8000ff	#8000ff	7
107	Aureimonas	Gulbenkiania	1.0	1	1	Anterior_nares	Anterior_nares	Anterior_nares	#8000ff	#8000ff	#8000ff	7
108	Gulbenkiania	Crocosphaera	1.0	1	1	Anterior_nares	Anterior_nares	Anterior_nares	#8000ff	#8000ff	#8000ff	7
109	Crocosphaera	Gulbenkiania	1.0	1	1	Anterior_nares	Anterior_nares	Anterior_nares	#8000ff	#8000ff	#8000ff	7
110	Gulbenkiania	Eubacterium	1.0	1	1	Anterior_nares	Subgingival_plaque	Intertype	#8000ff	#e4cf74	#cccccc	7
111	Eubacterium	Gulbenkiania	1.0	1	1	Subgingival_plaque	Anterior_nares	Intertype	#e4cf74	#8000ff	#cccccc	7
112	Gulbenkiania	Exiguobacterium	1.0	1	1	Anterior_nares	Anterior_nares	Anterior_nares	#8000ff	#8000ff	#8000ff	7
113	Exiguobacterium	Gulbenkiania	1.0	1	1	Anterior_nares	Anterior_nares	Anterior_nares	#8000ff	#8000ff	#8000ff	7
114	Helicobacter	Afipia	1.0	1	1	Anterior_nares	Throat	Intertype	#8000ff	#ff5029	#cccccc	7
115	Afipia	Helicobacter	1.0	1	1	Throat	Anterior_nares	Intertype	#ff5029	#8000ff	#cccccc	7
116	Helicobacter	Arcanobacterium	1.0	1	1	Anterior_nares	Anterior_nares	Anterior_nares	#8000ff	#8000ff	#8000ff	7
117	Arcanobacterium	Helicobacter	1.0	1	1	Anterior_nares	Anterior_nares	Anterior_nares	#8000ff	#8000ff	#8000ff	7
118	Helicobacter	Aureimonas	1.0	1	1	Anterior_nares	Anterior_nares	Anterior_nares	#8000ff	#8000ff	#8000ff	7
119	Aureimonas	Helicobacter	1.0	1	1	Anterior_nares	Anterior_nares	Anterior_nares	#8000ff	#8000ff	#8000ff	7
120	Helicobacter	Crocosphaera	1.0	1	1	Anterior_nares	Anterior_nares	Anterior_nares	#8000ff	#8000ff	#8000ff	7
121	Crocosphaera	Helicobacter	1.0	1	1	Anterior_nares	Anterior_nares	Anterior_nares	#8000ff	#8000ff	#8000ff	7
122	Helicobacter	Eubacterium	1.0	1	1	Anterior_nares	Subgingival_plaque	Intertype	#8000ff	#e4cf74	#cccccc	7
123	Eubacterium	Helicobacter	1.0	1	1	Subgingival_plaque	Anterior_nares	Intertype	#e4cf74	#8000ff	#cccccc	7
124	Helicobacter	Exiguobacterium	1.0	1	1	Anterior_nares	Anterior_nares	Anterior_nares	#8000ff	#8000ff	#8000ff	7
125	Exiguobacterium	Helicobacter	1.0	1	1	Anterior_nares	Anterior_nares	Anterior_nares	#8000ff	#8000ff	#8000ff	7
126	Helicobacter	Gulbenkiania	1.0	1	1	Anterior_nares	Anterior_nares	Anterior_nares	#8000ff	#8000ff	#8000ff	7
127	Gulbenkiania	Helicobacter	1.0	1	1	Anterior_nares	Anterior_nares	Anterior_nares	#8000ff	#8000ff	#8000ff	7
128	Kingella	Afipia	0.905821627316	4	1	Supragingival_plaque	Throat	Intertype	#ff964f	#ff5029	#cccccc	7
129	Afipia	Kingella	0.905821627316	1	4	Throat	Supragingival_plaque	Intertype	#ff5029	#ff964f	#cccccc	7
130	Kingella	Arcanobacterium	0.905821627316	4	1	Supragingival_plaque	Anterior_nares	Intertype	#ff964f	#8000ff	#cccccc	7
131	Arcanobacterium	Kingella	0.905821627316	1	4	Anterior_nares	Supragingival_plaque	Intertype	#8000ff	#ff964f	#cccccc	7
132	Kingella	Aureimonas	0.905821627316	4	1	Supragingival_plaque	Anterior_nares	Intertype	#ff964f	#8000ff	#cccccc	7
133	Aureimonas	Kingella	0.905821627316	1	4	Anterior_nares	Supragingival_plaque	Intertype	#8000ff	#ff964f	#cccccc	7
134	Kingella	Crocosphaera	0.905821627316	4	1	Supragingival_plaque	Anterior_nares	Intertype	#ff964f	#8000ff	#cccccc	7
135	Crocosphaera	Kingella	0.905821627316	1	4	Anterior_nares	Supragingival_plaque	Intertype	#8000ff	#ff964f	#cccccc	7
136	Kingella	Eubacterium	0.905821627316	4	1	Supragingival_plaque	Subgingival_plaque	Intertype	#ff964f	#e4cf74	#cccccc	7
137	Eubacterium	Kingella	0.905821627316	1	4	Subgingival_plaque	Supragingival_plaque	Intertype	#e4cf74	#ff964f	#cccccc	7
138	Kingella	Exiguobacterium	0.905821627316	4	1	Supragingival_plaque	Anterior_nares	Intertype	#ff964f	#8000ff	#cccccc	7
139	Exiguobacterium	Kingella	0.905821627316	1	4	Anterior_nares	Supragingival_plaque	Intertype	#8000ff	#ff964f	#cccccc	7
140	Kingella	Gulbenkiania	0.905821627316	4	1	Supragingival_plaque	Anterior_nares	Intertype	#ff964f	#8000ff	#cccccc	7
141	Gulbenkiania	Kingella	0.905821627316	1	4	Anterior_nares	Supragingival_plaque	Intertype	#8000ff	#ff964f	#cccccc	7
142	Kingella	Helicobacter	0.905821627316	4	1	Supragingival_plaque	Anterior_nares	Intertype	#ff964f	#8000ff	#cccccc	7
143	Helicobacter	Kingella	0.905821627316	1	4	Anterior_nares	Supragingival_plaque	Intertype	#8000ff	#ff964f	#cccccc	7
144	Klebsiella	Barnesiella	1.0	1	1	Anterior_nares	Stool	Intertype	#8000ff	#b2f396	#cccccc	7
145	Barnesiella	Klebsiella	1.0	1	1	Stool	Anterior_nares	Intertype	#b2f396	#8000ff	#cccccc	7
146	Klebsiella	Blautia	1.0	1	1	Anterior_nares	Stool	Intertype	#8000ff	#b2f396	#cccccc	7
147	Blautia	Klebsiella	1.0	1	1	Stool	Anterior_nares	Intertype	#b2f396	#8000ff	#cccccc	7
148	Klebsiella	Clostridium	0.987456948465	1	2	Anterior_nares	Stool	Intertype	#8000ff	#b2f396	#cccccc	7
149	Clostridium	Klebsiella	0.987456948465	2	1	Stool	Anterior_nares	Intertype	#b2f396	#8000ff	#cccccc	7
150	Klebsiella	Coprococcus	0.843373856175	1	2	Anterior_nares	Stool	Intertype	#8000ff	#b2f396	#cccccc	7
151	Coprococcus	Klebsiella	0.843373856175	2	1	Stool	Anterior_nares	Intertype	#b2f396	#8000ff	#cccccc	7
152	Klebsiella	Dialister	0.998701996523	1	2	Anterior_nares	Stool	Intertype	#8000ff	#b2f396	#cccccc	7
153	Dialister	Klebsiella	0.998701996523	2	1	Stool	Anterior_nares	Intertype	#b2f396	#8000ff	#cccccc	7
154	Kocuria	Afipia	0.905821627316	3	1	Anterior_nares	Throat	Intertype	#8000ff	#ff5029	#cccccc	7
155	Afipia	Kocuria	0.905821627316	1	3	Throat	Anterior_nares	Intertype	#ff5029	#8000ff	#cccccc	7
156	Kocuria	Arcanobacterium	0.905821627316	3	1	Anterior_nares	Anterior_nares	Anterior_nares	#8000ff	#8000ff	#8000ff	7
157	Arcanobacterium	Kocuria	0.905821627316	1	3	Anterior_nares	Anterior_nares	Anterior_nares	#8000ff	#8000ff	#8000ff	7
158	Kocuria	Aureimonas	0.905821627316	3	1	Anterior_nares	Anterior_nares	Anterior_nares	#8000ff	#8000ff	#8000ff	7
159	Aureimonas	Kocuria	0.905821627316	1	3	Anterior_nares	Anterior_nares	Anterior_nares	#8000ff	#8000ff	#8000ff	7
160	Kocuria	Crocosphaera	0.905821627316	3	1	Anterior_nares	Anterior_nares	Anterior_nares	#8000ff	#8000ff	#8000ff	7
161	Crocosphaera	Kocuria	0.905821627316	1	3	Anterior_nares	Anterior_nares	Anterior_nares	#8000ff	#8000ff	#8000ff	7
162	Kocuria	Eubacterium	0.905821627316	3	1	Anterior_nares	Subgingival_plaque	Intertype	#8000ff	#e4cf74	#cccccc	7
163	Eubacterium	Kocuria	0.905821627316	1	3	Subgingival_plaque	Anterior_nares	Intertype	#e4cf74	#8000ff	#cccccc	7
164	Kocuria	Exiguobacterium	0.905821627316	3	1	Anterior_nares	Anterior_nares	Anterior_nares	#8000ff	#8000ff	#8000ff	7
165	Exiguobacterium	Kocuria	0.905821627316	1	3	Anterior_nares	Anterior_nares	Anterior_nares	#8000ff	#8000ff	#8000ff	7
166	Kocuria	Gulbenkiania	0.905821627316	3	1	Anterior_nares	Anterior_nares	Anterior_nares	#8000ff	#8000ff	#8000ff	7
167	Gulbenkiania	Kocuria	0.905821627316	1	3	Anterior_nares	Anterior_nares	Anterior_nares	#8000ff	#8000ff	#8000ff	7
168	Kocuria	Helicobacter	0.905821627316	3	1	Anterior_nares	Anterior_nares	Anterior_nares	#8000ff	#8000ff	#8000ff	7
169	Helicobacter	Kocuria	0.905821627316	1	3	Anterior_nares	Anterior_nares	Anterior_nares	#8000ff	#8000ff	#8000ff	7
170	Kocuria	Kingella	0.820512820513	3	4	Anterior_nares	Supragingival_plaque	Intertype	#8000ff	#ff964f	#cccccc	7
171	Kingella	Kocuria	0.820512820513	4	3	Supragingival_plaque	Anterior_nares	Intertype	#ff964f	#8000ff	#cccccc	7
172	Lactobacillus	Aliterella	0.995829064184	2	1	Mid_vagina	Anterior_nares	Intertype	#18cde4	#8000ff	#cccccc	7
173	Aliterella	Lactobacillus	0.995829064184	1	2	Anterior_nares	Mid_vagina	Intertype	#8000ff	#18cde4	#cccccc	7
174	Lactobacillus	Arthrobacter	0.995829064184	2	1	Mid_vagina	Anterior_nares	Intertype	#18cde4	#8000ff	#cccccc	7
175	Arthrobacter	Lactobacillus	0.995829064184	1	2	Anterior_nares	Mid_vagina	Intertype	#8000ff	#18cde4	#cccccc	7
176	Lactobacillus	Azohydromonas	0.995829064184	2	1	Mid_vagina	Anterior_nares	Intertype	#18cde4	#8000ff	#cccccc	7
177	Azohydromonas	Lactobacillus	0.995829064184	1	2	Anterior_nares	Mid_vagina	Intertype	#8000ff	#18cde4	#cccccc	7
178	Lactobacillus	Delftia	0.995829064184	2	1	Mid_vagina	Anterior_nares	Intertype	#18cde4	#8000ff	#cccccc	7
179	Delftia	Lactobacillus	0.995829064184	1	2	Anterior_nares	Mid_vagina	Intertype	#8000ff	#18cde4	#cccccc	7
180	Lactococcus	Afipia	0.913455728037	3	1	Anterior_nares	Throat	Intertype	#8000ff	#ff5029	#cccccc	7
181	Afipia	Lactococcus	0.913455728037	1	3	Throat	Anterior_nares	Intertype	#ff5029	#8000ff	#cccccc	7
182	Lactococcus	Arcanobacterium	0.913455728037	3	1	Anterior_nares	Anterior_nares	Anterior_nares	#8000ff	#8000ff	#8000ff	7
183	Arcanobacterium	Lactococcus	0.913455728037	1	3	Anterior_nares	Anterior_nares	Anterior_nares	#8000ff	#8000ff	#8000ff	7
184	Lactococcus	Aureimonas	0.913455728037	3	1	Anterior_nares	Anterior_nares	Anterior_nares	#8000ff	#8000ff	#8000ff	7
185	Aureimonas	Lactococcus	0.913455728037	1	3	Anterior_nares	Anterior_nares	Anterior_nares	#8000ff	#8000ff	#8000ff	7
186	Lactococcus	Crocosphaera	0.913455728037	3	1	Anterior_nares	Anterior_nares	Anterior_nares	#8000ff	#8000ff	#8000ff	7
187	Crocosphaera	Lactococcus	0.913455728037	1	3	Anterior_nares	Anterior_nares	Anterior_nares	#8000ff	#8000ff	#8000ff	7
188	Lactococcus	Eubacterium	0.913455728037	3	1	Anterior_nares	Subgingival_plaque	Intertype	#8000ff	#e4cf74	#cccccc	7
189	Eubacterium	Lactococcus	0.913455728037	1	3	Subgingival_plaque	Anterior_nares	Intertype	#e4cf74	#8000ff	#cccccc	7
190	Lactococcus	Exiguobacterium	0.913455728037	3	1	Anterior_nares	Anterior_nares	Anterior_nares	#8000ff	#8000ff	#8000ff	7
191	Exiguobacterium	Lactococcus	0.913455728037	1	3	Anterior_nares	Anterior_nares	Anterior_nares	#8000ff	#8000ff	#8000ff	7
192	Lactococcus	Gulbenkiania	0.913455728037	3	1	Anterior_nares	Anterior_nares	Anterior_nares	#8000ff	#8000ff	#8000ff	7
193	Gulbenkiania	Lactococcus	0.913455728037	1	3	Anterior_nares	Anterior_nares	Anterior_nares	#8000ff	#8000ff	#8000ff	7
194	Lactococcus	Helicobacter	0.913455728037	3	1	Anterior_nares	Anterior_nares	Anterior_nares	#8000ff	#8000ff	#8000ff	7
195	Helicobacter	Lactococcus	0.913455728037	1	3	Anterior_nares	Anterior_nares	Anterior_nares	#8000ff	#8000ff	#8000ff	7
196	Lelliottia	Bifidobacterium	0.999145309425	1	2	Anterior_nares	Stool	Intertype	#8000ff	#b2f396	#cccccc	7
197	Bifidobacterium	Lelliottia	0.999145309425	2	1	Stool	Anterior_nares	Intertype	#b2f396	#8000ff	#cccccc	7
198	Lelliottia	Fusobacterium	1.0	1	1	Anterior_nares	Tongue_dorsum	Intertype	#8000ff	#ff0000	#cccccc	7
199	Fusobacterium	Lelliottia	1.0	1	1	Tongue_dorsum	Anterior_nares	Intertype	#ff0000	#8000ff	#cccccc	7
200	Leptotrichia	Aliterella	0.999373102454	2	1	Supragingival_plaque	Anterior_nares	Intertype	#ff964f	#8000ff	#cccccc	7
201	Aliterella	Leptotrichia	0.999373102454	1	2	Anterior_nares	Supragingival_plaque	Intertype	#8000ff	#ff964f	#cccccc	7
202	Leptotrichia	Arthrobacter	0.999373102454	2	1	Supragingival_plaque	Anterior_nares	Intertype	#ff964f	#8000ff	#cccccc	7
203	Arthrobacter	Leptotrichia	0.999373102454	1	2	Anterior_nares	Supragingival_plaque	Intertype	#8000ff	#ff964f	#cccccc	7
204	Leptotrichia	Azohydromonas	0.999373102454	2	1	Supragingival_plaque	Anterior_nares	Intertype	#ff964f	#8000ff	#cccccc	7
205	Azohydromonas	Leptotrichia	0.999373102454	1	2	Anterior_nares	Supragingival_plaque	Intertype	#8000ff	#ff964f	#cccccc	7
206	Leptotrichia	Delftia	0.999373102454	2	1	Supragingival_plaque	Anterior_nares	Intertype	#ff964f	#8000ff	#cccccc	7
207	Delftia	Leptotrichia	0.999373102454	1	2	Anterior_nares	Supragingival_plaque	Intertype	#8000ff	#ff964f	#cccccc	7
208	Leucobacter	Afipia	1.0	1	1	Anterior_nares	Throat	Intertype	#8000ff	#ff5029	#cccccc	7
209	Afipia	Leucobacter	1.0	1	1	Throat	Anterior_nares	Intertype	#ff5029	#8000ff	#cccccc	7
210	Leucobacter	Arcanobacterium	1.0	1	1	Anterior_nares	Anterior_nares	Anterior_nares	#8000ff	#8000ff	#8000ff	7
211	Arcanobacterium	Leucobacter	1.0	1	1	Anterior_nares	Anterior_nares	Anterior_nares	#8000ff	#8000ff	#8000ff	7
212	Leucobacter	Aureimonas	1.0	1	1	Anterior_nares	Anterior_nares	Anterior_nares	#8000ff	#8000ff	#8000ff	7
213	Aureimonas	Leucobacter	1.0	1	1	Anterior_nares	Anterior_nares	Anterior_nares	#8000ff	#8000ff	#8000ff	7
214	Leucobacter	Crocosphaera	1.0	1	1	Anterior_nares	Anterior_nares	Anterior_nares	#8000ff	#8000ff	#8000ff	7
215	Crocosphaera	Leucobacter	1.0	1	1	Anterior_nares	Anterior_nares	Anterior_nares	#8000ff	#8000ff	#8000ff	7
216	Leucobacter	Eubacterium	1.0	1	1	Anterior_nares	Subgingival_plaque	Intertype	#8000ff	#e4cf74	#cccccc	7
217	Eubacterium	Leucobacter	1.0	1	1	Subgingival_plaque	Anterior_nares	Intertype	#e4cf74	#8000ff	#cccccc	7
218	Leucobacter	Exiguobacterium	1.0	1	1	Anterior_nares	Anterior_nares	Anterior_nares	#8000ff	#8000ff	#8000ff	7
219	Exiguobacterium	Leucobacter	1.0	1	1	Anterior_nares	Anterior_nares	Anterior_nares	#8000ff	#8000ff	#8000ff	7
220	Leucobacter	Gulbenkiania	1.0	1	1	Anterior_nares	Anterior_nares	Anterior_nares	#8000ff	#8000ff	#8000ff	7
221	Gulbenkiania	Leucobacter	1.0	1	1	Anterior_nares	Anterior_nares	Anterior_nares	#8000ff	#8000ff	#8000ff	7
222	Leucobacter	Helicobacter	1.0	1	1	Anterior_nares	Anterior_nares	Anterior_nares	#8000ff	#8000ff	#8000ff	7
223	Helicobacter	Leucobacter	1.0	1	1	Anterior_nares	Anterior_nares	Anterior_nares	#8000ff	#8000ff	#8000ff	7
224	Leucobacter	Kingella	0.905821627316	1	4	Anterior_nares	Supragingival_plaque	Intertype	#8000ff	#ff964f	#cccccc	7
225	Kingella	Leucobacter	0.905821627316	4	1	Supragingival_plaque	Anterior_nares	Intertype	#ff964f	#8000ff	#cccccc	7
226	Leucobacter	Kocuria	0.905821627316	1	3	Anterior_nares	Anterior_nares	Anterior_nares	#8000ff	#8000ff	#8000ff	7
227	Kocuria	Leucobacter	0.905821627316	3	1	Anterior_nares	Anterior_nares	Anterior_nares	#8000ff	#8000ff	#8000ff	7
228	Leucobacter	Lactococcus	0.913455728037	1	3	Anterior_nares	Anterior_nares	Anterior_nares	#8000ff	#8000ff	#8000ff	7
229	Lactococcus	Leucobacter	0.913455728037	3	1	Anterior_nares	Anterior_nares	Anterior_nares	#8000ff	#8000ff	#8000ff	7
230	Levyella	Afipia	0.880704845928	2	1	Anterior_nares	Throat	Intertype	#8000ff	#ff5029	#cccccc	7
231	Afipia	Levyella	0.880704845928	1	2	Throat	Anterior_nares	Intertype	#ff5029	#8000ff	#cccccc	7
232	Levyella	Arcanobacterium	0.880704845928	2	1	Anterior_nares	Anterior_nares	Anterior_nares	#8000ff	#8000ff	#8000ff	7
233	Arcanobacterium	Levyella	0.880704845928	1	2	Anterior_nares	Anterior_nares	Anterior_nares	#8000ff	#8000ff	#8000ff	7
234	Levyella	Aureimonas	0.880704845928	2	1	Anterior_nares	Anterior_nares	Anterior_nares	#8000ff	#8000ff	#8000ff	7
235	Aureimonas	Levyella	0.880704845928	1	2	Anterior_nares	Anterior_nares	Anterior_nares	#8000ff	#8000ff	#8000ff	7
236	Levyella	Crocosphaera	0.880704845928	2	1	Anterior_nares	Anterior_nares	Anterior_nares	#8000ff	#8000ff	#8000ff	7
237	Crocosphaera	Levyella	0.880704845928	1	2	Anterior_nares	Anterior_nares	Anterior_nares	#8000ff	#8000ff	#8000ff	7
238	Levyella	Eubacterium	0.880704845928	2	1	Anterior_nares	Subgingival_plaque	Intertype	#8000ff	#e4cf74	#cccccc	7
239	Eubacterium	Levyella	0.880704845928	1	2	Subgingival_plaque	Anterior_nares	Intertype	#e4cf74	#8000ff	#cccccc	7
240	Levyella	Exiguobacterium	0.880704845928	2	1	Anterior_nares	Anterior_nares	Anterior_nares	#8000ff	#8000ff	#8000ff	7
241	Exiguobacterium	Levyella	0.880704845928	1	2	Anterior_nares	Anterior_nares	Anterior_nares	#8000ff	#8000ff	#8000ff	7
242	Levyella	Gulbenkiania	0.880704845928	2	1	Anterior_nares	Anterior_nares	Anterior_nares	#8000ff	#8000ff	#8000ff	7
243	Gulbenkiania	Levyella	0.880704845928	1	2	Anterior_nares	Anterior_nares	Anterior_nares	#8000ff	#8000ff	#8000ff	7
244	Levyella	Helicobacter	0.880704845928	2	1	Anterior_nares	Anterior_nares	Anterior_nares	#8000ff	#8000ff	#8000ff	7
245	Helicobacter	Levyella	0.880704845928	1	2	Anterior_nares	Anterior_nares	Anterior_nares	#8000ff	#8000ff	#8000ff	7
246	Levyella	Kocuria	0.924678098475	2	3	Anterior_nares	Anterior_nares	Anterior_nares	#8000ff	#8000ff	#8000ff	7
247	Kocuria	Levyella	0.924678098475	3	2	Anterior_nares	Anterior_nares	Anterior_nares	#8000ff	#8000ff	#8000ff	7
248	Levyella	Leucobacter	0.880704845928	2	1	Anterior_nares	Anterior_nares	Anterior_nares	#8000ff	#8000ff	#8000ff	7
249	Leucobacter	Levyella	0.880704845928	1	2	Anterior_nares	Anterior_nares	Anterior_nares	#8000ff	#8000ff	#8000ff	7
250	Methylobacterium	Afipia	1.0	1	1	Anterior_nares	Throat	Intertype	#8000ff	#ff5029	#cccccc	7
251	Afipia	Methylobacterium	1.0	1	1	Throat	Anterior_nares	Intertype	#ff5029	#8000ff	#cccccc	7
252	Methylobacterium	Arcanobacterium	1.0	1	1	Anterior_nares	Anterior_nares	Anterior_nares	#8000ff	#8000ff	#8000ff	7
253	Arcanobacterium	Methylobacterium	1.0	1	1	Anterior_nares	Anterior_nares	Anterior_nares	#8000ff	#8000ff	#8000ff	7
254	Methylobacterium	Aureimonas	1.0	1	1	Anterior_nares	Anterior_nares	Anterior_nares	#8000ff	#8000ff	#8000ff	7
255	Aureimonas	Methylobacterium	1.0	1	1	Anterior_nares	Anterior_nares	Anterior_nares	#8000ff	#8000ff	#8000ff	7
256	Methylobacterium	Crocosphaera	1.0	1	1	Anterior_nares	Anterior_nares	Anterior_nares	#8000ff	#8000ff	#8000ff	7
257	Crocosphaera	Methylobacterium	1.0	1	1	Anterior_nares	Anterior_nares	Anterior_nares	#8000ff	#8000ff	#8000ff	7
258	Methylobacterium	Eubacterium	1.0	1	1	Anterior_nares	Subgingival_plaque	Intertype	#8000ff	#e4cf74	#cccccc	7
259	Eubacterium	Methylobacterium	1.0	1	1	Subgingival_plaque	Anterior_nares	Intertype	#e4cf74	#8000ff	#cccccc	7
260	Methylobacterium	Exiguobacterium	1.0	1	1	Anterior_nares	Anterior_nares	Anterior_nares	#8000ff	#8000ff	#8000ff	7
261	Exiguobacterium	Methylobacterium	1.0	1	1	Anterior_nares	Anterior_nares	Anterior_nares	#8000ff	#8000ff	#8000ff	7
262	Methylobacterium	Gulbenkiania	1.0	1	1	Anterior_nares	Anterior_nares	Anterior_nares	#8000ff	#8000ff	#8000ff	7
263	Gulbenkiania	Methylobacterium	1.0	1	1	Anterior_nares	Anterior_nares	Anterior_nares	#8000ff	#8000ff	#8000ff	7
264	Methylobacterium	Helicobacter	1.0	1	1	Anterior_nares	Anterior_nares	Anterior_nares	#8000ff	#8000ff	#8000ff	7
265	Helicobacter	Methylobacterium	1.0	1	1	Anterior_nares	Anterior_nares	Anterior_nares	#8000ff	#8000ff	#8000ff	7
266	Methylobacterium	Kingella	0.905821627316	1	4	Anterior_nares	Supragingival_plaque	Intertype	#8000ff	#ff964f	#cccccc	7
267	Kingella	Methylobacterium	0.905821627316	4	1	Supragingival_plaque	Anterior_nares	Intertype	#ff964f	#8000ff	#cccccc	7
268	Methylobacterium	Kocuria	0.905821627316	1	3	Anterior_nares	Anterior_nares	Anterior_nares	#8000ff	#8000ff	#8000ff	7
269	Kocuria	Methylobacterium	0.905821627316	3	1	Anterior_nares	Anterior_nares	Anterior_nares	#8000ff	#8000ff	#8000ff	7
270	Methylobacterium	Lactococcus	0.913455728037	1	3	Anterior_nares	Anterior_nares	Anterior_nares	#8000ff	#8000ff	#8000ff	7
271	Lactococcus	Methylobacterium	0.913455728037	3	1	Anterior_nares	Anterior_nares	Anterior_nares	#8000ff	#8000ff	#8000ff	7
272	Methylobacterium	Leucobacter	1.0	1	1	Anterior_nares	Anterior_nares	Anterior_nares	#8000ff	#8000ff	#8000ff	7
273	Leucobacter	Methylobacterium	1.0	1	1	Anterior_nares	Anterior_nares	Anterior_nares	#8000ff	#8000ff	#8000ff	7
274	Methylobacterium	Levyella	0.880704845928	1	2	Anterior_nares	Anterior_nares	Anterior_nares	#8000ff	#8000ff	#8000ff	7
275	Levyella	Methylobacterium	0.880704845928	2	1	Anterior_nares	Anterior_nares	Anterior_nares	#8000ff	#8000ff	#8000ff	7
276	Microbacterium	Afipia	1.0	1	1	Anterior_nares	Throat	Intertype	#8000ff	#ff5029	#cccccc	7
277	Afipia	Microbacterium	1.0	1	1	Throat	Anterior_nares	Intertype	#ff5029	#8000ff	#cccccc	7
278	Microbacterium	Arcanobacterium	1.0	1	1	Anterior_nares	Anterior_nares	Anterior_nares	#8000ff	#8000ff	#8000ff	7
279	Arcanobacterium	Microbacterium	1.0	1	1	Anterior_nares	Anterior_nares	Anterior_nares	#8000ff	#8000ff	#8000ff	7
280	Microbacterium	Aureimonas	1.0	1	1	Anterior_nares	Anterior_nares	Anterior_nares	#8000ff	#8000ff	#8000ff	7
281	Aureimonas	Microbacterium	1.0	1	1	Anterior_nares	Anterior_nares	Anterior_nares	#8000ff	#8000ff	#8000ff	7
282	Microbacterium	Crocosphaera	1.0	1	1	Anterior_nares	Anterior_nares	Anterior_nares	#8000ff	#8000ff	#8000ff	7
283	Crocosphaera	Microbacterium	1.0	1	1	Anterior_nares	Anterior_nares	Anterior_nares	#8000ff	#8000ff	#8000ff	7
284	Microbacterium	Eubacterium	1.0	1	1	Anterior_nares	Subgingival_plaque	Intertype	#8000ff	#e4cf74	#cccccc	7
285	Eubacterium	Microbacterium	1.0	1	1	Subgingival_plaque	Anterior_nares	Intertype	#e4cf74	#8000ff	#cccccc	7
286	Microbacterium	Exiguobacterium	1.0	1	1	Anterior_nares	Anterior_nares	Anterior_nares	#8000ff	#8000ff	#8000ff	7
287	Exiguobacterium	Microbacterium	1.0	1	1	Anterior_nares	Anterior_nares	Anterior_nares	#8000ff	#8000ff	#8000ff	7
288	Microbacterium	Gulbenkiania	1.0	1	1	Anterior_nares	Anterior_nares	Anterior_nares	#8000ff	#8000ff	#8000ff	7
289	Gulbenkiania	Microbacterium	1.0	1	1	Anterior_nares	Anterior_nares	Anterior_nares	#8000ff	#8000ff	#8000ff	7
290	Microbacterium	Helicobacter	1.0	1	1	Anterior_nares	Anterior_nares	Anterior_nares	#8000ff	#8000ff	#8000ff	7
291	Helicobacter	Microbacterium	1.0	1	1	Anterior_nares	Anterior_nares	Anterior_nares	#8000ff	#8000ff	#8000ff	7
292	Microbacterium	Kingella	0.905821627316	1	4	Anterior_nares	Supragingival_plaque	Intertype	#8000ff	#ff964f	#cccccc	7
293	Kingella	Microbacterium	0.905821627316	4	1	Supragingival_plaque	Anterior_nares	Intertype	#ff964f	#8000ff	#cccccc	7
294	Microbacterium	Kocuria	0.905821627316	1	3	Anterior_nares	Anterior_nares	Anterior_nares	#8000ff	#8000ff	#8000ff	7
295	Kocuria	Microbacterium	0.905821627316	3	1	Anterior_nares	Anterior_nares	Anterior_nares	#8000ff	#8000ff	#8000ff	7
296	Microbacterium	Lactococcus	0.913455728037	1	3	Anterior_nares	Anterior_nares	Anterior_nares	#8000ff	#8000ff	#8000ff	7
297	Lactococcus	Microbacterium	0.913455728037	3	1	Anterior_nares	Anterior_nares	Anterior_nares	#8000ff	#8000ff	#8000ff	7
298	Microbacterium	Leucobacter	1.0	1	1	Anterior_nares	Anterior_nares	Anterior_nares	#8000ff	#8000ff	#8000ff	7
299	Leucobacter	Microbacterium	1.0	1	1	Anterior_nares	Anterior_nares	Anterior_nares	#8000ff	#8000ff	#8000ff	7
300	Microbacterium	Levyella	0.880704845928	1	2	Anterior_nares	Anterior_nares	Anterior_nares	#8000ff	#8000ff	#8000ff	7
301	Levyella	Microbacterium	0.880704845928	2	1	Anterior_nares	Anterior_nares	Anterior_nares	#8000ff	#8000ff	#8000ff	7
302	Microbacterium	Methylobacterium	1.0	1	1	Anterior_nares	Anterior_nares	Anterior_nares	#8000ff	#8000ff	#8000ff	7
303	Methylobacterium	Microbacterium	1.0	1	1	Anterior_nares	Anterior_nares	Anterior_nares	#8000ff	#8000ff	#8000ff	7
304	Micrococcus	Afipia	1.0	1	1	Anterior_nares	Throat	Intertype	#8000ff	#ff5029	#cccccc	7
305	Afipia	Micrococcus	1.0	1	1	Throat	Anterior_nares	Intertype	#ff5029	#8000ff	#cccccc	7
306	Micrococcus	Arcanobacterium	1.0	1	1	Anterior_nares	Anterior_nares	Anterior_nares	#8000ff	#8000ff	#8000ff	7
307	Arcanobacterium	Micrococcus	1.0	1	1	Anterior_nares	Anterior_nares	Anterior_nares	#8000ff	#8000ff	#8000ff	7
308	Micrococcus	Aureimonas	1.0	1	1	Anterior_nares	Anterior_nares	Anterior_nares	#8000ff	#8000ff	#8000ff	7
309	Aureimonas	Micrococcus	1.0	1	1	Anterior_nares	Anterior_nares	Anterior_nares	#8000ff	#8000ff	#8000ff	7
310	Micrococcus	Crocosphaera	1.0	1	1	Anterior_nares	Anterior_nares	Anterior_nares	#8000ff	#8000ff	#8000ff	7
311	Crocosphaera	Micrococcus	1.0	1	1	Anterior_nares	Anterior_nares	Anterior_nares	#8000ff	#8000ff	#8000ff	7
312	Micrococcus	Eubacterium	1.0	1	1	Anterior_nares	Subgingival_plaque	Intertype	#8000ff	#e4cf74	#cccccc	7
313	Eubacterium	Micrococcus	1.0	1	1	Subgingival_plaque	Anterior_nares	Intertype	#e4cf74	#8000ff	#cccccc	7
314	Micrococcus	Exiguobacterium	1.0	1	1	Anterior_nares	Anterior_nares	Anterior_nares	#8000ff	#8000ff	#8000ff	7
315	Exiguobacterium	Micrococcus	1.0	1	1	Anterior_nares	Anterior_nares	Anterior_nares	#8000ff	#8000ff	#8000ff	7
316	Micrococcus	Gulbenkiania	1.0	1	1	Anterior_nares	Anterior_nares	Anterior_nares	#8000ff	#8000ff	#8000ff	7
317	Gulbenkiania	Micrococcus	1.0	1	1	Anterior_nares	Anterior_nares	Anterior_nares	#8000ff	#8000ff	#8000ff	7
318	Micrococcus	Helicobacter	1.0	1	1	Anterior_nares	Anterior_nares	Anterior_nares	#8000ff	#8000ff	#8000ff	7
319	Helicobacter	Micrococcus	1.0	1	1	Anterior_nares	Anterior_nares	Anterior_nares	#8000ff	#8000ff	#8000ff	7
320	Micrococcus	Kingella	0.905821627316	1	4	Anterior_nares	Supragingival_plaque	Intertype	#8000ff	#ff964f	#cccccc	7
321	Kingella	Micrococcus	0.905821627316	4	1	Supragingival_plaque	Anterior_nares	Intertype	#ff964f	#8000ff	#cccccc	7
322	Micrococcus	Kocuria	0.905821627316	1	3	Anterior_nares	Anterior_nares	Anterior_nares	#8000ff	#8000ff	#8000ff	7
323	Kocuria	Micrococcus	0.905821627316	3	1	Anterior_nares	Anterior_nares	Anterior_nares	#8000ff	#8000ff	#8000ff	7
324	Micrococcus	Lactococcus	0.913455728037	1	3	Anterior_nares	Anterior_nares	Anterior_nares	#8000ff	#8000ff	#8000ff	7
325	Lactococcus	Micrococcus	0.913455728037	3	1	Anterior_nares	Anterior_nares	Anterior_nares	#8000ff	#8000ff	#8000ff	7
326	Micrococcus	Leucobacter	1.0	1	1	Anterior_nares	Anterior_nares	Anterior_nares	#8000ff	#8000ff	#8000ff	7
327	Leucobacter	Micrococcus	1.0	1	1	Anterior_nares	Anterior_nares	Anterior_nares	#8000ff	#8000ff	#8000ff	7
328	Micrococcus	Levyella	0.880704845928	1	2	Anterior_nares	Anterior_nares	Anterior_nares	#8000ff	#8000ff	#8000ff	7
329	Levyella	Micrococcus	0.880704845928	2	1	Anterior_nares	Anterior_nares	Anterior_nares	#8000ff	#8000ff	#8000ff	7
330	Micrococcus	Methylobacterium	1.0	1	1	Anterior_nares	Anterior_nares	Anterior_nares	#8000ff	#8000ff	#8000ff	7
331	Methylobacterium	Micrococcus	1.0	1	1	Anterior_nares	Anterior_nares	Anterior_nares	#8000ff	#8000ff	#8000ff	7
332	Micrococcus	Microbacterium	1.0	1	1	Anterior_nares	Anterior_nares	Anterior_nares	#8000ff	#8000ff	#8000ff	7
333	Microbacterium	Micrococcus	1.0	1	1	Anterior_nares	Anterior_nares	Anterior_nares	#8000ff	#8000ff	#8000ff	7
334	Microvirga	Aliterella	1.0	1	1	Anterior_nares	Anterior_nares	Anterior_nares	#8000ff	#8000ff	#8000ff	7
335	Aliterella	Microvirga	1.0	1	1	Anterior_nares	Anterior_nares	Anterior_nares	#8000ff	#8000ff	#8000ff	7
336	Microvirga	Arthrobacter	1.0	1	1	Anterior_nares	Anterior_nares	Anterior_nares	#8000ff	#8000ff	#8000ff	7
337	Arthrobacter	Microvirga	1.0	1	1	Anterior_nares	Anterior_nares	Anterior_nares	#8000ff	#8000ff	#8000ff	7
338	Microvirga	Azohydromonas	1.0	1	1	Anterior_nares	Anterior_nares	Anterior_nares	#8000ff	#8000ff	#8000ff	7
339	Azohydromonas	Microvirga	1.0	1	1	Anterior_nares	Anterior_nares	Anterior_nares	#8000ff	#8000ff	#8000ff	7
340	Microvirga	Capnocytophaga	0.915777325007	1	4	Anterior_nares	Supragingival_plaque	Intertype	#8000ff	#ff964f	#cccccc	7
341	Capnocytophaga	Microvirga	0.915777325007	4	1	Supragingival_plaque	Anterior_nares	Intertype	#ff964f	#8000ff	#cccccc	7
342	Microvirga	Delftia	1.0	1	1	Anterior_nares	Anterior_nares	Anterior_nares	#8000ff	#8000ff	#8000ff	7
343	Delftia	Microvirga	1.0	1	1	Anterior_nares	Anterior_nares	Anterior_nares	#8000ff	#8000ff	#8000ff	7
344	Microvirga	Granulicatella	0.911258556537	1	3	Anterior_nares	Attached	Intertype	#8000ff	#4e4dfc	#cccccc	7
345	Granulicatella	Microvirga	0.911258556537	3	1	Attached	Anterior_nares	Intertype	#4e4dfc	#8000ff	#cccccc	7
346	Microvirga	Lactobacillus	0.995829064184	1	2	Anterior_nares	Mid_vagina	Intertype	#8000ff	#18cde4	#cccccc	7
347	Lactobacillus	Microvirga	0.995829064184	2	1	Mid_vagina	Anterior_nares	Intertype	#18cde4	#8000ff	#cccccc	7
348	Microvirga	Leptotrichia	0.999373102454	1	2	Anterior_nares	Supragingival_plaque	Intertype	#8000ff	#ff964f	#cccccc	7
349	Leptotrichia	Microvirga	0.999373102454	2	1	Supragingival_plaque	Anterior_nares	Intertype	#ff964f	#8000ff	#cccccc	7
350	Modestobacter	Aliterella	1.0	1	1	Anterior_nares	Anterior_nares	Anterior_nares	#8000ff	#8000ff	#8000ff	7
351	Aliterella	Modestobacter	1.0	1	1	Anterior_nares	Anterior_nares	Anterior_nares	#8000ff	#8000ff	#8000ff	7
352	Modestobacter	Arthrobacter	1.0	1	1	Anterior_nares	Anterior_nares	Anterior_nares	#8000ff	#8000ff	#8000ff	7
353	Arthrobacter	Modestobacter	1.0	1	1	Anterior_nares	Anterior_nares	Anterior_nares	#8000ff	#8000ff	#8000ff	7
354	Modestobacter	Azohydromonas	1.0	1	1	Anterior_nares	Anterior_nares	Anterior_nares	#8000ff	#8000ff	#8000ff	7
355	Azohydromonas	Modestobacter	1.0	1	1	Anterior_nares	Anterior_nares	Anterior_nares	#8000ff	#8000ff	#8000ff	7
356	Modestobacter	Capnocytophaga	0.915777325007	1	4	Anterior_nares	Supragingival_plaque	Intertype	#8000ff	#ff964f	#cccccc	7
357	Capnocytophaga	Modestobacter	0.915777325007	4	1	Supragingival_plaque	Anterior_nares	Intertype	#ff964f	#8000ff	#cccccc	7
358	Modestobacter	Delftia	1.0	1	1	Anterior_nares	Anterior_nares	Anterior_nares	#8000ff	#8000ff	#8000ff	7
359	Delftia	Modestobacter	1.0	1	1	Anterior_nares	Anterior_nares	Anterior_nares	#8000ff	#8000ff	#8000ff	7
360	Modestobacter	Granulicatella	0.911258556537	1	3	Anterior_nares	Attached	Intertype	#8000ff	#4e4dfc	#cccccc	7
361	Granulicatella	Modestobacter	0.911258556537	3	1	Attached	Anterior_nares	Intertype	#4e4dfc	#8000ff	#cccccc	7
362	Modestobacter	Lactobacillus	0.995829064184	1	2	Anterior_nares	Mid_vagina	Intertype	#8000ff	#18cde4	#cccccc	7
363	Lactobacillus	Modestobacter	0.995829064184	2	1	Mid_vagina	Anterior_nares	Intertype	#18cde4	#8000ff	#cccccc	7
364	Modestobacter	Leptotrichia	0.999373102454	1	2	Anterior_nares	Supragingival_plaque	Intertype	#8000ff	#ff964f	#cccccc	7
365	Leptotrichia	Modestobacter	0.999373102454	2	1	Supragingival_plaque	Anterior_nares	Intertype	#ff964f	#8000ff	#cccccc	7
366	Modestobacter	Microvirga	1.0	1	1	Anterior_nares	Anterior_nares	Anterior_nares	#8000ff	#8000ff	#8000ff	7
367	Microvirga	Modestobacter	1.0	1	1	Anterior_nares	Anterior_nares	Anterior_nares	#8000ff	#8000ff	#8000ff	7
368	Mycobacterium	Aliterella	0.999697159785	3	1	Mid_vagina	Anterior_nares	Intertype	#18cde4	#8000ff	#cccccc	7
369	Aliterella	Mycobacterium	0.999697159785	1	3	Anterior_nares	Mid_vagina	Intertype	#8000ff	#18cde4	#cccccc	7
370	Mycobacterium	Arthrobacter	0.999697159785	3	1	Mid_vagina	Anterior_nares	Intertype	#18cde4	#8000ff	#cccccc	7
371	Arthrobacter	Mycobacterium	0.999697159785	1	3	Anterior_nares	Mid_vagina	Intertype	#8000ff	#18cde4	#cccccc	7
372	Mycobacterium	Azohydromonas	0.999697159785	3	1	Mid_vagina	Anterior_nares	Intertype	#18cde4	#8000ff	#cccccc	7
373	Azohydromonas	Mycobacterium	0.999697159785	1	3	Anterior_nares	Mid_vagina	Intertype	#8000ff	#18cde4	#cccccc	7
374	Mycobacterium	Delftia	0.999697159785	3	1	Mid_vagina	Anterior_nares	Intertype	#18cde4	#8000ff	#cccccc	7
375	Delftia	Mycobacterium	0.999697159785	1	3	Anterior_nares	Mid_vagina	Intertype	#8000ff	#18cde4	#cccccc	7
376	Mycobacterium	Microvirga	0.999697159785	3	1	Mid_vagina	Anterior_nares	Intertype	#18cde4	#8000ff	#cccccc	7
377	Microvirga	Mycobacterium	0.999697159785	1	3	Anterior_nares	Mid_vagina	Intertype	#8000ff	#18cde4	#cccccc	7
378	Mycobacterium	Modestobacter	0.999697159785	3	1	Mid_vagina	Anterior_nares	Intertype	#18cde4	#8000ff	#cccccc	7
379	Modestobacter	Mycobacterium	0.999697159785	1	3	Anterior_nares	Mid_vagina	Intertype	#8000ff	#18cde4	#cccccc	7
380	Odoribacter	Barnesiella	1.0	1	1	Stool	Stool	Stool	#b2f396	#b2f396	#b2f396	7
381	Barnesiella	Odoribacter	1.0	1	1	Stool	Stool	Stool	#b2f396	#b2f396	#b2f396	7
382	Odoribacter	Blautia	1.0	1	1	Stool	Stool	Stool	#b2f396	#b2f396	#b2f396	7
383	Blautia	Odoribacter	1.0	1	1	Stool	Stool	Stool	#b2f396	#b2f396	#b2f396	7
384	Odoribacter	Clostridium	0.987456948465	1	2	Stool	Stool	Stool	#b2f396	#b2f396	#b2f396	7
385	Clostridium	Odoribacter	0.987456948465	2	1	Stool	Stool	Stool	#b2f396	#b2f396	#b2f396	7
386	Odoribacter	Coprococcus	0.843373856175	1	2	Stool	Stool	Stool	#b2f396	#b2f396	#b2f396	7
387	Coprococcus	Odoribacter	0.843373856175	2	1	Stool	Stool	Stool	#b2f396	#b2f396	#b2f396	7
388	Odoribacter	Dialister	0.998701996523	1	2	Stool	Stool	Stool	#b2f396	#b2f396	#b2f396	7
389	Dialister	Odoribacter	0.998701996523	2	1	Stool	Stool	Stool	#b2f396	#b2f396	#b2f396	7
390	Odoribacter	Klebsiella	1.0	1	1	Stool	Anterior_nares	Intertype	#b2f396	#8000ff	#cccccc	7
391	Klebsiella	Odoribacter	1.0	1	1	Anterior_nares	Stool	Intertype	#8000ff	#b2f396	#cccccc	7
392	Paenibacillus	Amphibacillus	1.0	1	1	Anterior_nares	Anterior_nares	Anterior_nares	#8000ff	#8000ff	#8000ff	7
393	Amphibacillus	Paenibacillus	1.0	1	1	Anterior_nares	Anterior_nares	Anterior_nares	#8000ff	#8000ff	#8000ff	7
394	Paenibacillus	Atopobacter	1.0	1	1	Anterior_nares	Anterior_nares	Anterior_nares	#8000ff	#8000ff	#8000ff	7
395	Atopobacter	Paenibacillus	1.0	1	1	Anterior_nares	Anterior_nares	Anterior_nares	#8000ff	#8000ff	#8000ff	7
396	Paenibacillus	Calothrix	0.944444444444	1	2	Anterior_nares	Anterior_nares	Anterior_nares	#8000ff	#8000ff	#8000ff	7
397	Calothrix	Paenibacillus	0.944444444444	2	1	Anterior_nares	Anterior_nares	Anterior_nares	#8000ff	#8000ff	#8000ff	7
398	Parabacteroides	Barnesiella	0.90981091745	4	1	Stool	Stool	Stool	#b2f396	#b2f396	#b2f396	7
399	Barnesiella	Parabacteroides	0.90981091745	1	4	Stool	Stool	Stool	#b2f396	#b2f396	#b2f396	7
400	Parabacteroides	Blautia	0.90981091745	4	1	Stool	Stool	Stool	#b2f396	#b2f396	#b2f396	7
401	Blautia	Parabacteroides	0.90981091745	1	4	Stool	Stool	Stool	#b2f396	#b2f396	#b2f396	7
402	Parabacteroides	Coprococcus	0.986716837252	4	2	Stool	Stool	Stool	#b2f396	#b2f396	#b2f396	7
403	Coprococcus	Parabacteroides	0.986716837252	2	4	Stool	Stool	Stool	#b2f396	#b2f396	#b2f396	7
404	Parabacteroides	Klebsiella	0.90981091745	4	1	Stool	Anterior_nares	Intertype	#b2f396	#8000ff	#cccccc	7
405	Klebsiella	Parabacteroides	0.90981091745	1	4	Anterior_nares	Stool	Intertype	#8000ff	#b2f396	#cccccc	7
406	Parabacteroides	Odoribacter	0.90981091745	4	1	Stool	Stool	Stool	#b2f396	#b2f396	#b2f396	7
407	Odoribacter	Parabacteroides	0.90981091745	1	4	Stool	Stool	Stool	#b2f396	#b2f396	#b2f396	7
408	Paracoccus	Barnesiella	0.856967364363	4	1	Anterior_nares	Stool	Intertype	#8000ff	#b2f396	#cccccc	7
409	Barnesiella	Paracoccus	0.856967364363	1	4	Stool	Anterior_nares	Intertype	#b2f396	#8000ff	#cccccc	7
410	Paracoccus	Blautia	0.856967364363	4	1	Anterior_nares	Stool	Intertype	#8000ff	#b2f396	#cccccc	7
411	Blautia	Paracoccus	0.856967364363	1	4	Stool	Anterior_nares	Intertype	#b2f396	#8000ff	#cccccc	7
412	Paracoccus	Klebsiella	0.856967364363	4	1	Anterior_nares	Anterior_nares	Anterior_nares	#8000ff	#8000ff	#8000ff	7
413	Klebsiella	Paracoccus	0.856967364363	1	4	Anterior_nares	Anterior_nares	Anterior_nares	#8000ff	#8000ff	#8000ff	7
414	Paracoccus	Odoribacter	0.856967364363	4	1	Anterior_nares	Stool	Intertype	#8000ff	#b2f396	#cccccc	7
415	Odoribacter	Paracoccus	0.856967364363	1	4	Stool	Anterior_nares	Intertype	#b2f396	#8000ff	#cccccc	7
416	Pedobacter	Bifidobacterium	0.999145309425	1	2	Anterior_nares	Stool	Intertype	#8000ff	#b2f396	#cccccc	7
417	Bifidobacterium	Pedobacter	0.999145309425	2	1	Stool	Anterior_nares	Intertype	#b2f396	#8000ff	#cccccc	7
418	Pedobacter	Fusobacterium	1.0	1	1	Anterior_nares	Tongue_dorsum	Intertype	#8000ff	#ff0000	#cccccc	7
419	Fusobacterium	Pedobacter	1.0	1	1	Tongue_dorsum	Anterior_nares	Intertype	#ff0000	#8000ff	#cccccc	7
420	Pedobacter	Lelliottia	1.0	1	1	Anterior_nares	Anterior_nares	Anterior_nares	#8000ff	#8000ff	#8000ff	7
421	Lelliottia	Pedobacter	1.0	1	1	Anterior_nares	Anterior_nares	Anterior_nares	#8000ff	#8000ff	#8000ff	7
422	Photobacterium	Aliterella	1.0	1	1	Anterior_nares	Anterior_nares	Anterior_nares	#8000ff	#8000ff	#8000ff	7
423	Aliterella	Photobacterium	1.0	1	1	Anterior_nares	Anterior_nares	Anterior_nares	#8000ff	#8000ff	#8000ff	7
424	Photobacterium	Arthrobacter	1.0	1	1	Anterior_nares	Anterior_nares	Anterior_nares	#8000ff	#8000ff	#8000ff	7
425	Arthrobacter	Photobacterium	1.0	1	1	Anterior_nares	Anterior_nares	Anterior_nares	#8000ff	#8000ff	#8000ff	7
426	Photobacterium	Azohydromonas	1.0	1	1	Anterior_nares	Anterior_nares	Anterior_nares	#8000ff	#8000ff	#8000ff	7
427	Azohydromonas	Photobacterium	1.0	1	1	Anterior_nares	Anterior_nares	Anterior_nares	#8000ff	#8000ff	#8000ff	7
428	Photobacterium	Capnocytophaga	0.915777325007	1	4	Anterior_nares	Supragingival_plaque	Intertype	#8000ff	#ff964f	#cccccc	7
429	Capnocytophaga	Photobacterium	0.915777325007	4	1	Supragingival_plaque	Anterior_nares	Intertype	#ff964f	#8000ff	#cccccc	7
430	Photobacterium	Delftia	1.0	1	1	Anterior_nares	Anterior_nares	Anterior_nares	#8000ff	#8000ff	#8000ff	7
431	Delftia	Photobacterium	1.0	1	1	Anterior_nares	Anterior_nares	Anterior_nares	#8000ff	#8000ff	#8000ff	7
432	Photobacterium	Granulicatella	0.911258556537	1	3	Anterior_nares	Attached	Intertype	#8000ff	#4e4dfc	#cccccc	7
433	Granulicatella	Photobacterium	0.911258556537	3	1	Attached	Anterior_nares	Intertype	#4e4dfc	#8000ff	#cccccc	7
434	Photobacterium	Lactobacillus	0.995829064184	1	2	Anterior_nares	Mid_vagina	Intertype	#8000ff	#18cde4	#cccccc	7
435	Lactobacillus	Photobacterium	0.995829064184	2	1	Mid_vagina	Anterior_nares	Intertype	#18cde4	#8000ff	#cccccc	7
436	Photobacterium	Leptotrichia	0.999373102454	1	2	Anterior_nares	Supragingival_plaque	Intertype	#8000ff	#ff964f	#cccccc	7
437	Leptotrichia	Photobacterium	0.999373102454	2	1	Supragingival_plaque	Anterior_nares	Intertype	#ff964f	#8000ff	#cccccc	7
438	Photobacterium	Microvirga	1.0	1	1	Anterior_nares	Anterior_nares	Anterior_nares	#8000ff	#8000ff	#8000ff	7
439	Microvirga	Photobacterium	1.0	1	1	Anterior_nares	Anterior_nares	Anterior_nares	#8000ff	#8000ff	#8000ff	7
440	Photobacterium	Modestobacter	1.0	1	1	Anterior_nares	Anterior_nares	Anterior_nares	#8000ff	#8000ff	#8000ff	7
441	Modestobacter	Photobacterium	1.0	1	1	Anterior_nares	Anterior_nares	Anterior_nares	#8000ff	#8000ff	#8000ff	7
442	Photobacterium	Mycobacterium	0.999697159785	1	3	Anterior_nares	Mid_vagina	Intertype	#8000ff	#18cde4	#cccccc	7
443	Mycobacterium	Photobacterium	0.999697159785	3	1	Mid_vagina	Anterior_nares	Intertype	#18cde4	#8000ff	#cccccc	7
444	Psychrobacter	Kingella	0.818816152619	2	4	Saliva	Supragingival_plaque	Intertype	#7effb5	#ff964f	#cccccc	7
445	Kingella	Psychrobacter	0.818816152619	4	2	Supragingival_plaque	Saliva	Intertype	#ff964f	#7effb5	#cccccc	7
446	Rheinheimera	Aliterella	1.0	1	1	Anterior_nares	Anterior_nares	Anterior_nares	#8000ff	#8000ff	#8000ff	7
447	Aliterella	Rheinheimera	1.0	1	1	Anterior_nares	Anterior_nares	Anterior_nares	#8000ff	#8000ff	#8000ff	7
448	Rheinheimera	Arthrobacter	1.0	1	1	Anterior_nares	Anterior_nares	Anterior_nares	#8000ff	#8000ff	#8000ff	7
449	Arthrobacter	Rheinheimera	1.0	1	1	Anterior_nares	Anterior_nares	Anterior_nares	#8000ff	#8000ff	#8000ff	7
450	Rheinheimera	Azohydromonas	1.0	1	1	Anterior_nares	Anterior_nares	Anterior_nares	#8000ff	#8000ff	#8000ff	7
451	Azohydromonas	Rheinheimera	1.0	1	1	Anterior_nares	Anterior_nares	Anterior_nares	#8000ff	#8000ff	#8000ff	7
452	Rheinheimera	Capnocytophaga	0.915777325007	1	4	Anterior_nares	Supragingival_plaque	Intertype	#8000ff	#ff964f	#cccccc	7
453	Capnocytophaga	Rheinheimera	0.915777325007	4	1	Supragingival_plaque	Anterior_nares	Intertype	#ff964f	#8000ff	#cccccc	7
454	Rheinheimera	Delftia	1.0	1	1	Anterior_nares	Anterior_nares	Anterior_nares	#8000ff	#8000ff	#8000ff	7
455	Delftia	Rheinheimera	1.0	1	1	Anterior_nares	Anterior_nares	Anterior_nares	#8000ff	#8000ff	#8000ff	7
456	Rheinheimera	Granulicatella	0.911258556537	1	3	Anterior_nares	Attached	Intertype	#8000ff	#4e4dfc	#cccccc	7
457	Granulicatella	Rheinheimera	0.911258556537	3	1	Attached	Anterior_nares	Intertype	#4e4dfc	#8000ff	#cccccc	7
458	Rheinheimera	Lactobacillus	0.995829064184	1	2	Anterior_nares	Mid_vagina	Intertype	#8000ff	#18cde4	#cccccc	7
459	Lactobacillus	Rheinheimera	0.995829064184	2	1	Mid_vagina	Anterior_nares	Intertype	#18cde4	#8000ff	#cccccc	7
460	Rheinheimera	Leptotrichia	0.999373102454	1	2	Anterior_nares	Supragingival_plaque	Intertype	#8000ff	#ff964f	#cccccc	7
461	Leptotrichia	Rheinheimera	0.999373102454	2	1	Supragingival_plaque	Anterior_nares	Intertype	#ff964f	#8000ff	#cccccc	7
462	Rheinheimera	Microvirga	1.0	1	1	Anterior_nares	Anterior_nares	Anterior_nares	#8000ff	#8000ff	#8000ff	7
463	Microvirga	Rheinheimera	1.0	1	1	Anterior_nares	Anterior_nares	Anterior_nares	#8000ff	#8000ff	#8000ff	7
464	Rheinheimera	Modestobacter	1.0	1	1	Anterior_nares	Anterior_nares	Anterior_nares	#8000ff	#8000ff	#8000ff	7
465	Modestobacter	Rheinheimera	1.0	1	1	Anterior_nares	Anterior_nares	Anterior_nares	#8000ff	#8000ff	#8000ff	7
466	Rheinheimera	Mycobacterium	0.999697159785	1	3	Anterior_nares	Mid_vagina	Intertype	#8000ff	#18cde4	#cccccc	7
467	Mycobacterium	Rheinheimera	0.999697159785	3	1	Mid_vagina	Anterior_nares	Intertype	#18cde4	#8000ff	#cccccc	7
468	Rheinheimera	Photobacterium	1.0	1	1	Anterior_nares	Anterior_nares	Anterior_nares	#8000ff	#8000ff	#8000ff	7
469	Photobacterium	Rheinheimera	1.0	1	1	Anterior_nares	Anterior_nares	Anterior_nares	#8000ff	#8000ff	#8000ff	7
470	Risungbinella	Afipia	1.0	1	1	Anterior_nares	Throat	Intertype	#8000ff	#ff5029	#cccccc	7
471	Afipia	Risungbinella	1.0	1	1	Throat	Anterior_nares	Intertype	#ff5029	#8000ff	#cccccc	7
472	Risungbinella	Arcanobacterium	1.0	1	1	Anterior_nares	Anterior_nares	Anterior_nares	#8000ff	#8000ff	#8000ff	7
473	Arcanobacterium	Risungbinella	1.0	1	1	Anterior_nares	Anterior_nares	Anterior_nares	#8000ff	#8000ff	#8000ff	7
474	Risungbinella	Aureimonas	1.0	1	1	Anterior_nares	Anterior_nares	Anterior_nares	#8000ff	#8000ff	#8000ff	7
475	Aureimonas	Risungbinella	1.0	1	1	Anterior_nares	Anterior_nares	Anterior_nares	#8000ff	#8000ff	#8000ff	7
476	Risungbinella	Crocosphaera	1.0	1	1	Anterior_nares	Anterior_nares	Anterior_nares	#8000ff	#8000ff	#8000ff	7
477	Crocosphaera	Risungbinella	1.0	1	1	Anterior_nares	Anterior_nares	Anterior_nares	#8000ff	#8000ff	#8000ff	7
478	Risungbinella	Eubacterium	1.0	1	1	Anterior_nares	Subgingival_plaque	Intertype	#8000ff	#e4cf74	#cccccc	7
479	Eubacterium	Risungbinella	1.0	1	1	Subgingival_plaque	Anterior_nares	Intertype	#e4cf74	#8000ff	#cccccc	7
480	Risungbinella	Exiguobacterium	1.0	1	1	Anterior_nares	Anterior_nares	Anterior_nares	#8000ff	#8000ff	#8000ff	7
481	Exiguobacterium	Risungbinella	1.0	1	1	Anterior_nares	Anterior_nares	Anterior_nares	#8000ff	#8000ff	#8000ff	7
482	Risungbinella	Gulbenkiania	1.0	1	1	Anterior_nares	Anterior_nares	Anterior_nares	#8000ff	#8000ff	#8000ff	7
483	Gulbenkiania	Risungbinella	1.0	1	1	Anterior_nares	Anterior_nares	Anterior_nares	#8000ff	#8000ff	#8000ff	7
484	Risungbinella	Helicobacter	1.0	1	1	Anterior_nares	Anterior_nares	Anterior_nares	#8000ff	#8000ff	#8000ff	7
485	Helicobacter	Risungbinella	1.0	1	1	Anterior_nares	Anterior_nares	Anterior_nares	#8000ff	#8000ff	#8000ff	7
486	Risungbinella	Kingella	0.905821627316	1	4	Anterior_nares	Supragingival_plaque	Intertype	#8000ff	#ff964f	#cccccc	7
487	Kingella	Risungbinella	0.905821627316	4	1	Supragingival_plaque	Anterior_nares	Intertype	#ff964f	#8000ff	#cccccc	7
488	Risungbinella	Kocuria	0.905821627316	1	3	Anterior_nares	Anterior_nares	Anterior_nares	#8000ff	#8000ff	#8000ff	7
489	Kocuria	Risungbinella	0.905821627316	3	1	Anterior_nares	Anterior_nares	Anterior_nares	#8000ff	#8000ff	#8000ff	7
490	Risungbinella	Lactococcus	0.913455728037	1	3	Anterior_nares	Anterior_nares	Anterior_nares	#8000ff	#8000ff	#8000ff	7
491	Lactococcus	Risungbinella	0.913455728037	3	1	Anterior_nares	Anterior_nares	Anterior_nares	#8000ff	#8000ff	#8000ff	7
492	Risungbinella	Leucobacter	1.0	1	1	Anterior_nares	Anterior_nares	Anterior_nares	#8000ff	#8000ff	#8000ff	7
493	Leucobacter	Risungbinella	1.0	1	1	Anterior_nares	Anterior_nares	Anterior_nares	#8000ff	#8000ff	#8000ff	7
494	Risungbinella	Levyella	0.880704845928	1	2	Anterior_nares	Anterior_nares	Anterior_nares	#8000ff	#8000ff	#8000ff	7
495	Levyella	Risungbinella	0.880704845928	2	1	Anterior_nares	Anterior_nares	Anterior_nares	#8000ff	#8000ff	#8000ff	7
496	Risungbinella	Methylobacterium	1.0	1	1	Anterior_nares	Anterior_nares	Anterior_nares	#8000ff	#8000ff	#8000ff	7
497	Methylobacterium	Risungbinella	1.0	1	1	Anterior_nares	Anterior_nares	Anterior_nares	#8000ff	#8000ff	#8000ff	7
498	Risungbinella	Microbacterium	1.0	1	1	Anterior_nares	Anterior_nares	Anterior_nares	#8000ff	#8000ff	#8000ff	7
499	Microbacterium	Risungbinella	1.0	1	1	Anterior_nares	Anterior_nares	Anterior_nares	#8000ff	#8000ff	#8000ff	7
500	Risungbinella	Micrococcus	1.0	1	1	Anterior_nares	Anterior_nares	Anterior_nares	#8000ff	#8000ff	#8000ff	7
501	Micrococcus	Risungbinella	1.0	1	1	Anterior_nares	Anterior_nares	Anterior_nares	#8000ff	#8000ff	#8000ff	7
502	Roseburia	Coprococcus	0.803023666001	3	2	Stool	Stool	Stool	#b2f396	#b2f396	#b2f396	7
503	Coprococcus	Roseburia	0.803023666001	2	3	Stool	Stool	Stool	#b2f396	#b2f396	#b2f396	7
504	Shuttleworthia	Afipia	1.0	1	1	Subgingival_plaque	Throat	Intertype	#e4cf74	#ff5029	#cccccc	7
505	Afipia	Shuttleworthia	1.0	1	1	Throat	Subgingival_plaque	Intertype	#ff5029	#e4cf74	#cccccc	7
506	Shuttleworthia	Arcanobacterium	1.0	1	1	Subgingival_plaque	Anterior_nares	Intertype	#e4cf74	#8000ff	#cccccc	7
507	Arcanobacterium	Shuttleworthia	1.0	1	1	Anterior_nares	Subgingival_plaque	Intertype	#8000ff	#e4cf74	#cccccc	7
508	Shuttleworthia	Aureimonas	1.0	1	1	Subgingival_plaque	Anterior_nares	Intertype	#e4cf74	#8000ff	#cccccc	7
509	Aureimonas	Shuttleworthia	1.0	1	1	Anterior_nares	Subgingival_plaque	Intertype	#8000ff	#e4cf74	#cccccc	7
510	Shuttleworthia	Crocosphaera	1.0	1	1	Subgingival_plaque	Anterior_nares	Intertype	#e4cf74	#8000ff	#cccccc	7
511	Crocosphaera	Shuttleworthia	1.0	1	1	Anterior_nares	Subgingival_plaque	Intertype	#8000ff	#e4cf74	#cccccc	7
512	Shuttleworthia	Eubacterium	1.0	1	1	Subgingival_plaque	Subgingival_plaque	Subgingival_plaque	#e4cf74	#e4cf74	#e4cf74	7
513	Eubacterium	Shuttleworthia	1.0	1	1	Subgingival_plaque	Subgingival_plaque	Subgingival_plaque	#e4cf74	#e4cf74	#e4cf74	7
514	Shuttleworthia	Exiguobacterium	1.0	1	1	Subgingival_plaque	Anterior_nares	Intertype	#e4cf74	#8000ff	#cccccc	7
515	Exiguobacterium	Shuttleworthia	1.0	1	1	Anterior_nares	Subgingival_plaque	Intertype	#8000ff	#e4cf74	#cccccc	7
516	Shuttleworthia	Gulbenkiania	1.0	1	1	Subgingival_plaque	Anterior_nares	Intertype	#e4cf74	#8000ff	#cccccc	7
517	Gulbenkiania	Shuttleworthia	1.0	1	1	Anterior_nares	Subgingival_plaque	Intertype	#8000ff	#e4cf74	#cccccc	7
518	Shuttleworthia	Helicobacter	1.0	1	1	Subgingival_plaque	Anterior_nares	Intertype	#e4cf74	#8000ff	#cccccc	7
519	Helicobacter	Shuttleworthia	1.0	1	1	Anterior_nares	Subgingival_plaque	Intertype	#8000ff	#e4cf74	#cccccc	7
520	Shuttleworthia	Kingella	0.905821627316	1	4	Subgingival_plaque	Supragingival_plaque	Intertype	#e4cf74	#ff964f	#cccccc	7
521	Kingella	Shuttleworthia	0.905821627316	4	1	Supragingival_plaque	Subgingival_plaque	Intertype	#ff964f	#e4cf74	#cccccc	7
522	Shuttleworthia	Kocuria	0.905821627316	1	3	Subgingival_plaque	Anterior_nares	Intertype	#e4cf74	#8000ff	#cccccc	7
523	Kocuria	Shuttleworthia	0.905821627316	3	1	Anterior_nares	Subgingival_plaque	Intertype	#8000ff	#e4cf74	#cccccc	7
524	Shuttleworthia	Lactococcus	0.913455728037	1	3	Subgingival_plaque	Anterior_nares	Intertype	#e4cf74	#8000ff	#cccccc	7
525	Lactococcus	Shuttleworthia	0.913455728037	3	1	Anterior_nares	Subgingival_plaque	Intertype	#8000ff	#e4cf74	#cccccc	7
526	Shuttleworthia	Leucobacter	1.0	1	1	Subgingival_plaque	Anterior_nares	Intertype	#e4cf74	#8000ff	#cccccc	7
527	Leucobacter	Shuttleworthia	1.0	1	1	Anterior_nares	Subgingival_plaque	Intertype	#8000ff	#e4cf74	#cccccc	7
528	Shuttleworthia	Levyella	0.880704845928	1	2	Subgingival_plaque	Anterior_nares	Intertype	#e4cf74	#8000ff	#cccccc	7
529	Levyella	Shuttleworthia	0.880704845928	2	1	Anterior_nares	Subgingival_plaque	Intertype	#8000ff	#e4cf74	#cccccc	7
530	Shuttleworthia	Methylobacterium	1.0	1	1	Subgingival_plaque	Anterior_nares	Intertype	#e4cf74	#8000ff	#cccccc	7
531	Methylobacterium	Shuttleworthia	1.0	1	1	Anterior_nares	Subgingival_plaque	Intertype	#8000ff	#e4cf74	#cccccc	7
532	Shuttleworthia	Microbacterium	1.0	1	1	Subgingival_plaque	Anterior_nares	Intertype	#e4cf74	#8000ff	#cccccc	7
533	Microbacterium	Shuttleworthia	1.0	1	1	Anterior_nares	Subgingival_plaque	Intertype	#8000ff	#e4cf74	#cccccc	7
534	Shuttleworthia	Micrococcus	1.0	1	1	Subgingival_plaque	Anterior_nares	Intertype	#e4cf74	#8000ff	#cccccc	7
535	Micrococcus	Shuttleworthia	1.0	1	1	Anterior_nares	Subgingival_plaque	Intertype	#8000ff	#e4cf74	#cccccc	7
536	Shuttleworthia	Risungbinella	1.0	1	1	Subgingival_plaque	Anterior_nares	Intertype	#e4cf74	#8000ff	#cccccc	7
537	Risungbinella	Shuttleworthia	1.0	1	1	Anterior_nares	Subgingival_plaque	Intertype	#8000ff	#e4cf74	#cccccc	7
538	Sphingobacterium	Barnesiella	1.0	1	1	Anterior_nares	Stool	Intertype	#8000ff	#b2f396	#cccccc	7
539	Barnesiella	Sphingobacterium	1.0	1	1	Stool	Anterior_nares	Intertype	#b2f396	#8000ff	#cccccc	7
540	Sphingobacterium	Blautia	1.0	1	1	Anterior_nares	Stool	Intertype	#8000ff	#b2f396	#cccccc	7
541	Blautia	Sphingobacterium	1.0	1	1	Stool	Anterior_nares	Intertype	#b2f396	#8000ff	#cccccc	7
542	Sphingobacterium	Clostridium	0.987456948465	1	2	Anterior_nares	Stool	Intertype	#8000ff	#b2f396	#cccccc	7
543	Clostridium	Sphingobacterium	0.987456948465	2	1	Stool	Anterior_nares	Intertype	#b2f396	#8000ff	#cccccc	7
544	Sphingobacterium	Coprococcus	0.843373856175	1	2	Anterior_nares	Stool	Intertype	#8000ff	#b2f396	#cccccc	7
545	Coprococcus	Sphingobacterium	0.843373856175	2	1	Stool	Anterior_nares	Intertype	#b2f396	#8000ff	#cccccc	7
546	Sphingobacterium	Dialister	0.998701996523	1	2	Anterior_nares	Stool	Intertype	#8000ff	#b2f396	#cccccc	7
547	Dialister	Sphingobacterium	0.998701996523	2	1	Stool	Anterior_nares	Intertype	#b2f396	#8000ff	#cccccc	7
548	Sphingobacterium	Klebsiella	1.0	1	1	Anterior_nares	Anterior_nares	Anterior_nares	#8000ff	#8000ff	#8000ff	7
549	Klebsiella	Sphingobacterium	1.0	1	1	Anterior_nares	Anterior_nares	Anterior_nares	#8000ff	#8000ff	#8000ff	7
550	Sphingobacterium	Odoribacter	1.0	1	1	Anterior_nares	Stool	Intertype	#8000ff	#b2f396	#cccccc	7
551	Odoribacter	Sphingobacterium	1.0	1	1	Stool	Anterior_nares	Intertype	#b2f396	#8000ff	#cccccc	7
552	Sphingobacterium	Parabacteroides	0.90981091745	1	4	Anterior_nares	Stool	Intertype	#8000ff	#b2f396	#cccccc	7
553	Parabacteroides	Sphingobacterium	0.90981091745	4	1	Stool	Anterior_nares	Intertype	#b2f396	#8000ff	#cccccc	7
554	Sphingobacterium	Paracoccus	0.856967364363	1	4	Anterior_nares	Anterior_nares	Anterior_nares	#8000ff	#8000ff	#8000ff	7
555	Paracoccus	Sphingobacterium	0.856967364363	4	1	Anterior_nares	Anterior_nares	Anterior_nares	#8000ff	#8000ff	#8000ff	7
556	Sphingobium	Aliterella	0.998632304317	2	1	Mid_vagina	Anterior_nares	Intertype	#18cde4	#8000ff	#cccccc	7
557	Aliterella	Sphingobium	0.998632304317	1	2	Anterior_nares	Mid_vagina	Intertype	#8000ff	#18cde4	#cccccc	7
558	Sphingobium	Arthrobacter	0.998632304317	2	1	Mid_vagina	Anterior_nares	Intertype	#18cde4	#8000ff	#cccccc	7
559	Arthrobacter	Sphingobium	0.998632304317	1	2	Anterior_nares	Mid_vagina	Intertype	#8000ff	#18cde4	#cccccc	7
560	Sphingobium	Azohydromonas	0.998632304317	2	1	Mid_vagina	Anterior_nares	Intertype	#18cde4	#8000ff	#cccccc	7
561	Azohydromonas	Sphingobium	0.998632304317	1	2	Anterior_nares	Mid_vagina	Intertype	#8000ff	#18cde4	#cccccc	7
562	Sphingobium	Delftia	0.998632304317	2	1	Mid_vagina	Anterior_nares	Intertype	#18cde4	#8000ff	#cccccc	7
563	Delftia	Sphingobium	0.998632304317	1	2	Anterior_nares	Mid_vagina	Intertype	#8000ff	#18cde4	#cccccc	7
564	Sphingobium	Microvirga	0.998632304317	2	1	Mid_vagina	Anterior_nares	Intertype	#18cde4	#8000ff	#cccccc	7
565	Microvirga	Sphingobium	0.998632304317	1	2	Anterior_nares	Mid_vagina	Intertype	#8000ff	#18cde4	#cccccc	7
566	Sphingobium	Modestobacter	0.998632304317	2	1	Mid_vagina	Anterior_nares	Intertype	#18cde4	#8000ff	#cccccc	7
567	Modestobacter	Sphingobium	0.998632304317	1	2	Anterior_nares	Mid_vagina	Intertype	#8000ff	#18cde4	#cccccc	7
568	Sphingobium	Photobacterium	0.998632304317	2	1	Mid_vagina	Anterior_nares	Intertype	#18cde4	#8000ff	#cccccc	7
569	Photobacterium	Sphingobium	0.998632304317	1	2	Anterior_nares	Mid_vagina	Intertype	#8000ff	#18cde4	#cccccc	7
570	Sphingobium	Rheinheimera	0.998632304317	2	1	Mid_vagina	Anterior_nares	Intertype	#18cde4	#8000ff	#cccccc	7
571	Rheinheimera	Sphingobium	0.998632304317	1	2	Anterior_nares	Mid_vagina	Intertype	#8000ff	#18cde4	#cccccc	7
572	Sphingomonas	Aliterella	0.976825717145	2	1	Anterior_nares	Anterior_nares	Anterior_nares	#8000ff	#8000ff	#8000ff	7
573	Aliterella	Sphingomonas	0.976825717145	1	2	Anterior_nares	Anterior_nares	Anterior_nares	#8000ff	#8000ff	#8000ff	7
574	Sphingomonas	Arthrobacter	0.976825717145	2	1	Anterior_nares	Anterior_nares	Anterior_nares	#8000ff	#8000ff	#8000ff	7
575	Arthrobacter	Sphingomonas	0.976825717145	1	2	Anterior_nares	Anterior_nares	Anterior_nares	#8000ff	#8000ff	#8000ff	7
576	Sphingomonas	Azohydromonas	0.976825717145	2	1	Anterior_nares	Anterior_nares	Anterior_nares	#8000ff	#8000ff	#8000ff	7
577	Azohydromonas	Sphingomonas	0.976825717145	1	2	Anterior_nares	Anterior_nares	Anterior_nares	#8000ff	#8000ff	#8000ff	7
578	Sphingomonas	Capnocytophaga	0.970032294418	2	4	Anterior_nares	Supragingival_plaque	Intertype	#8000ff	#ff964f	#cccccc	7
579	Capnocytophaga	Sphingomonas	0.970032294418	4	2	Supragingival_plaque	Anterior_nares	Intertype	#ff964f	#8000ff	#cccccc	7
580	Sphingomonas	Delftia	0.976825717145	2	1	Anterior_nares	Anterior_nares	Anterior_nares	#8000ff	#8000ff	#8000ff	7
581	Delftia	Sphingomonas	0.976825717145	1	2	Anterior_nares	Anterior_nares	Anterior_nares	#8000ff	#8000ff	#8000ff	7
582	Sphingomonas	Lactobacillus	0.992279799554	2	2	Anterior_nares	Mid_vagina	Intertype	#8000ff	#18cde4	#cccccc	7
583	Lactobacillus	Sphingomonas	0.992279799554	2	2	Mid_vagina	Anterior_nares	Intertype	#18cde4	#8000ff	#cccccc	7
584	Sphingomonas	Microvirga	0.976825717145	2	1	Anterior_nares	Anterior_nares	Anterior_nares	#8000ff	#8000ff	#8000ff	7
585	Microvirga	Sphingomonas	0.976825717145	1	2	Anterior_nares	Anterior_nares	Anterior_nares	#8000ff	#8000ff	#8000ff	7
586	Sphingomonas	Modestobacter	0.976825717145	2	1	Anterior_nares	Anterior_nares	Anterior_nares	#8000ff	#8000ff	#8000ff	7
587	Modestobacter	Sphingomonas	0.976825717145	1	2	Anterior_nares	Anterior_nares	Anterior_nares	#8000ff	#8000ff	#8000ff	7
588	Sphingomonas	Photobacterium	0.976825717145	2	1	Anterior_nares	Anterior_nares	Anterior_nares	#8000ff	#8000ff	#8000ff	7
589	Photobacterium	Sphingomonas	0.976825717145	1	2	Anterior_nares	Anterior_nares	Anterior_nares	#8000ff	#8000ff	#8000ff	7
590	Sphingomonas	Rheinheimera	0.976825717145	2	1	Anterior_nares	Anterior_nares	Anterior_nares	#8000ff	#8000ff	#8000ff	7
591	Rheinheimera	Sphingomonas	0.976825717145	1	2	Anterior_nares	Anterior_nares	Anterior_nares	#8000ff	#8000ff	#8000ff	7
592	Sphingopyxis	Brevundimonas	1.0	1	1	Mid_vagina	Anterior_nares	Intertype	#18cde4	#8000ff	#cccccc	7
593	Brevundimonas	Sphingopyxis	1.0	1	1	Anterior_nares	Mid_vagina	Intertype	#8000ff	#18cde4	#cccccc	7
594	Sphingopyxis	Enhydrobacter	1.0	1	1	Mid_vagina	Posterior_fornix	Intertype	#18cde4	#4df3ce	#cccccc	7
595	Enhydrobacter	Sphingopyxis	1.0	1	1	Posterior_fornix	Mid_vagina	Intertype	#4df3ce	#18cde4	#cccccc	7
596	Stenotrophomonas	Aliterella	0.802661765953	3	1	Anterior_nares	Anterior_nares	Anterior_nares	#8000ff	#8000ff	#8000ff	7
597	Aliterella	Stenotrophomonas	0.802661765953	1	3	Anterior_nares	Anterior_nares	Anterior_nares	#8000ff	#8000ff	#8000ff	7
598	Stenotrophomonas	Arthrobacter	0.802661765953	3	1	Anterior_nares	Anterior_nares	Anterior_nares	#8000ff	#8000ff	#8000ff	7
599	Arthrobacter	Stenotrophomonas	0.802661765953	1	3	Anterior_nares	Anterior_nares	Anterior_nares	#8000ff	#8000ff	#8000ff	7
600	Stenotrophomonas	Azohydromonas	0.802661765953	3	1	Anterior_nares	Anterior_nares	Anterior_nares	#8000ff	#8000ff	#8000ff	7
601	Azohydromonas	Stenotrophomonas	0.802661765953	1	3	Anterior_nares	Anterior_nares	Anterior_nares	#8000ff	#8000ff	#8000ff	7
602	Stenotrophomonas	Capnocytophaga	0.911562525922	3	4	Anterior_nares	Supragingival_plaque	Intertype	#8000ff	#ff964f	#cccccc	7
603	Capnocytophaga	Stenotrophomonas	0.911562525922	4	3	Supragingival_plaque	Anterior_nares	Intertype	#ff964f	#8000ff	#cccccc	7
604	Stenotrophomonas	Delftia	0.802661765953	3	1	Anterior_nares	Anterior_nares	Anterior_nares	#8000ff	#8000ff	#8000ff	7
605	Delftia	Stenotrophomonas	0.802661765953	1	3	Anterior_nares	Anterior_nares	Anterior_nares	#8000ff	#8000ff	#8000ff	7
606	Stenotrophomonas	Lactobacillus	0.849608019046	3	2	Anterior_nares	Mid_vagina	Intertype	#8000ff	#18cde4	#cccccc	7
607	Lactobacillus	Stenotrophomonas	0.849608019046	2	3	Mid_vagina	Anterior_nares	Intertype	#18cde4	#8000ff	#cccccc	7
608	Stenotrophomonas	Microvirga	0.802661765953	3	1	Anterior_nares	Anterior_nares	Anterior_nares	#8000ff	#8000ff	#8000ff	7
609	Microvirga	Stenotrophomonas	0.802661765953	1	3	Anterior_nares	Anterior_nares	Anterior_nares	#8000ff	#8000ff	#8000ff	7
610	Stenotrophomonas	Modestobacter	0.802661765953	3	1	Anterior_nares	Anterior_nares	Anterior_nares	#8000ff	#8000ff	#8000ff	7
611	Modestobacter	Stenotrophomonas	0.802661765953	1	3	Anterior_nares	Anterior_nares	Anterior_nares	#8000ff	#8000ff	#8000ff	7
612	Stenotrophomonas	Photobacterium	0.802661765953	3	1	Anterior_nares	Anterior_nares	Anterior_nares	#8000ff	#8000ff	#8000ff	7
613	Photobacterium	Stenotrophomonas	0.802661765953	1	3	Anterior_nares	Anterior_nares	Anterior_nares	#8000ff	#8000ff	#8000ff	7
614	Stenotrophomonas	Rheinheimera	0.802661765953	3	1	Anterior_nares	Anterior_nares	Anterior_nares	#8000ff	#8000ff	#8000ff	7
615	Rheinheimera	Stenotrophomonas	0.802661765953	1	3	Anterior_nares	Anterior_nares	Anterior_nares	#8000ff	#8000ff	#8000ff	7
616	Stenotrophomonas	Sphingomonas	0.902045436463	3	2	Anterior_nares	Anterior_nares	Anterior_nares	#8000ff	#8000ff	#8000ff	7
617	Sphingomonas	Stenotrophomonas	0.902045436463	2	3	Anterior_nares	Anterior_nares	Anterior_nares	#8000ff	#8000ff	#8000ff	7
618	Stomatobaculum	Aliterella	1.0	1	1	Saliva	Anterior_nares	Intertype	#7effb5	#8000ff	#cccccc	7
619	Aliterella	Stomatobaculum	1.0	1	1	Anterior_nares	Saliva	Intertype	#8000ff	#7effb5	#cccccc	7
620	Stomatobaculum	Arthrobacter	1.0	1	1	Saliva	Anterior_nares	Intertype	#7effb5	#8000ff	#cccccc	7
621	Arthrobacter	Stomatobaculum	1.0	1	1	Anterior_nares	Saliva	Intertype	#8000ff	#7effb5	#cccccc	7
622	Stomatobaculum	Azohydromonas	1.0	1	1	Saliva	Anterior_nares	Intertype	#7effb5	#8000ff	#cccccc	7
623	Azohydromonas	Stomatobaculum	1.0	1	1	Anterior_nares	Saliva	Intertype	#8000ff	#7effb5	#cccccc	7
624	Stomatobaculum	Capnocytophaga	0.915777325007	1	4	Saliva	Supragingival_plaque	Intertype	#7effb5	#ff964f	#cccccc	7
625	Capnocytophaga	Stomatobaculum	0.915777325007	4	1	Supragingival_plaque	Saliva	Intertype	#ff964f	#7effb5	#cccccc	7
626	Stomatobaculum	Delftia	1.0	1	1	Saliva	Anterior_nares	Intertype	#7effb5	#8000ff	#cccccc	7
627	Delftia	Stomatobaculum	1.0	1	1	Anterior_nares	Saliva	Intertype	#8000ff	#7effb5	#cccccc	7
628	Stomatobaculum	Granulicatella	0.911258556537	1	3	Saliva	Attached	Intertype	#7effb5	#4e4dfc	#cccccc	7
629	Granulicatella	Stomatobaculum	0.911258556537	3	1	Attached	Saliva	Intertype	#4e4dfc	#7effb5	#cccccc	7
630	Stomatobaculum	Lactobacillus	0.995829064184	1	2	Saliva	Mid_vagina	Intertype	#7effb5	#18cde4	#cccccc	7
631	Lactobacillus	Stomatobaculum	0.995829064184	2	1	Mid_vagina	Saliva	Intertype	#18cde4	#7effb5	#cccccc	7
632	Stomatobaculum	Leptotrichia	0.999373102454	1	2	Saliva	Supragingival_plaque	Intertype	#7effb5	#ff964f	#cccccc	7
633	Leptotrichia	Stomatobaculum	0.999373102454	2	1	Supragingival_plaque	Saliva	Intertype	#ff964f	#7effb5	#cccccc	7
634	Stomatobaculum	Microvirga	1.0	1	1	Saliva	Anterior_nares	Intertype	#7effb5	#8000ff	#cccccc	7
635	Microvirga	Stomatobaculum	1.0	1	1	Anterior_nares	Saliva	Intertype	#8000ff	#7effb5	#cccccc	7
636	Stomatobaculum	Modestobacter	1.0	1	1	Saliva	Anterior_nares	Intertype	#7effb5	#8000ff	#cccccc	7
637	Modestobacter	Stomatobaculum	1.0	1	1	Anterior_nares	Saliva	Intertype	#8000ff	#7effb5	#cccccc	7
638	Stomatobaculum	Mycobacterium	0.999697159785	1	3	Saliva	Mid_vagina	Intertype	#7effb5	#18cde4	#cccccc	7
639	Mycobacterium	Stomatobaculum	0.999697159785	3	1	Mid_vagina	Saliva	Intertype	#18cde4	#7effb5	#cccccc	7
640	Stomatobaculum	Photobacterium	1.0	1	1	Saliva	Anterior_nares	Intertype	#7effb5	#8000ff	#cccccc	7
641	Photobacterium	Stomatobaculum	1.0	1	1	Anterior_nares	Saliva	Intertype	#8000ff	#7effb5	#cccccc	7
642	Stomatobaculum	Rheinheimera	1.0	1	1	Saliva	Anterior_nares	Intertype	#7effb5	#8000ff	#cccccc	7
643	Rheinheimera	Stomatobaculum	1.0	1	1	Anterior_nares	Saliva	Intertype	#8000ff	#7effb5	#cccccc	7
644	Stomatobaculum	Sphingobium	0.998632304317	1	2	Saliva	Mid_vagina	Intertype	#7effb5	#18cde4	#cccccc	7
645	Sphingobium	Stomatobaculum	0.998632304317	2	1	Mid_vagina	Saliva	Intertype	#18cde4	#7effb5	#cccccc	7
646	Stomatobaculum	Sphingomonas	0.976825717145	1	2	Saliva	Anterior_nares	Intertype	#7effb5	#8000ff	#cccccc	7
647	Sphingomonas	Stomatobaculum	0.976825717145	2	1	Anterior_nares	Saliva	Intertype	#8000ff	#7effb5	#cccccc	7
648	Stomatobaculum	Stenotrophomonas	0.802661765953	1	3	Saliva	Anterior_nares	Intertype	#7effb5	#8000ff	#cccccc	7
649	Stenotrophomonas	Stomatobaculum	0.802661765953	3	1	Anterior_nares	Saliva	Intertype	#8000ff	#7effb5	#cccccc	7
650	Streptomyces	Afipia	1.0	1	1	Anterior_nares	Throat	Intertype	#8000ff	#ff5029	#cccccc	7
651	Afipia	Streptomyces	1.0	1	1	Throat	Anterior_nares	Intertype	#ff5029	#8000ff	#cccccc	7
652	Streptomyces	Arcanobacterium	1.0	1	1	Anterior_nares	Anterior_nares	Anterior_nares	#8000ff	#8000ff	#8000ff	7
653	Arcanobacterium	Streptomyces	1.0	1	1	Anterior_nares	Anterior_nares	Anterior_nares	#8000ff	#8000ff	#8000ff	7
654	Streptomyces	Aureimonas	1.0	1	1	Anterior_nares	Anterior_nares	Anterior_nares	#8000ff	#8000ff	#8000ff	7
655	Aureimonas	Streptomyces	1.0	1	1	Anterior_nares	Anterior_nares	Anterior_nares	#8000ff	#8000ff	#8000ff	7
656	Streptomyces	Crocosphaera	1.0	1	1	Anterior_nares	Anterior_nares	Anterior_nares	#8000ff	#8000ff	#8000ff	7
657	Crocosphaera	Streptomyces	1.0	1	1	Anterior_nares	Anterior_nares	Anterior_nares	#8000ff	#8000ff	#8000ff	7
658	Streptomyces	Eubacterium	1.0	1	1	Anterior_nares	Subgingival_plaque	Intertype	#8000ff	#e4cf74	#cccccc	7
659	Eubacterium	Streptomyces	1.0	1	1	Subgingival_plaque	Anterior_nares	Intertype	#e4cf74	#8000ff	#cccccc	7
660	Streptomyces	Exiguobacterium	1.0	1	1	Anterior_nares	Anterior_nares	Anterior_nares	#8000ff	#8000ff	#8000ff	7
661	Exiguobacterium	Streptomyces	1.0	1	1	Anterior_nares	Anterior_nares	Anterior_nares	#8000ff	#8000ff	#8000ff	7
662	Streptomyces	Gulbenkiania	1.0	1	1	Anterior_nares	Anterior_nares	Anterior_nares	#8000ff	#8000ff	#8000ff	7
663	Gulbenkiania	Streptomyces	1.0	1	1	Anterior_nares	Anterior_nares	Anterior_nares	#8000ff	#8000ff	#8000ff	7
664	Streptomyces	Helicobacter	1.0	1	1	Anterior_nares	Anterior_nares	Anterior_nares	#8000ff	#8000ff	#8000ff	7
665	Helicobacter	Streptomyces	1.0	1	1	Anterior_nares	Anterior_nares	Anterior_nares	#8000ff	#8000ff	#8000ff	7
666	Streptomyces	Kingella	0.905821627316	1	4	Anterior_nares	Supragingival_plaque	Intertype	#8000ff	#ff964f	#cccccc	7
667	Kingella	Streptomyces	0.905821627316	4	1	Supragingival_plaque	Anterior_nares	Intertype	#ff964f	#8000ff	#cccccc	7
668	Streptomyces	Kocuria	0.905821627316	1	3	Anterior_nares	Anterior_nares	Anterior_nares	#8000ff	#8000ff	#8000ff	7
669	Kocuria	Streptomyces	0.905821627316	3	1	Anterior_nares	Anterior_nares	Anterior_nares	#8000ff	#8000ff	#8000ff	7
670	Streptomyces	Lactococcus	0.913455728037	1	3	Anterior_nares	Anterior_nares	Anterior_nares	#8000ff	#8000ff	#8000ff	7
671	Lactococcus	Streptomyces	0.913455728037	3	1	Anterior_nares	Anterior_nares	Anterior_nares	#8000ff	#8000ff	#8000ff	7
672	Streptomyces	Leucobacter	1.0	1	1	Anterior_nares	Anterior_nares	Anterior_nares	#8000ff	#8000ff	#8000ff	7
673	Leucobacter	Streptomyces	1.0	1	1	Anterior_nares	Anterior_nares	Anterior_nares	#8000ff	#8000ff	#8000ff	7
674	Streptomyces	Levyella	0.880704845928	1	2	Anterior_nares	Anterior_nares	Anterior_nares	#8000ff	#8000ff	#8000ff	7
675	Levyella	Streptomyces	0.880704845928	2	1	Anterior_nares	Anterior_nares	Anterior_nares	#8000ff	#8000ff	#8000ff	7
676	Streptomyces	Methylobacterium	1.0	1	1	Anterior_nares	Anterior_nares	Anterior_nares	#8000ff	#8000ff	#8000ff	7
677	Methylobacterium	Streptomyces	1.0	1	1	Anterior_nares	Anterior_nares	Anterior_nares	#8000ff	#8000ff	#8000ff	7
678	Streptomyces	Microbacterium	1.0	1	1	Anterior_nares	Anterior_nares	Anterior_nares	#8000ff	#8000ff	#8000ff	7
679	Microbacterium	Streptomyces	1.0	1	1	Anterior_nares	Anterior_nares	Anterior_nares	#8000ff	#8000ff	#8000ff	7
680	Streptomyces	Micrococcus	1.0	1	1	Anterior_nares	Anterior_nares	Anterior_nares	#8000ff	#8000ff	#8000ff	7
681	Micrococcus	Streptomyces	1.0	1	1	Anterior_nares	Anterior_nares	Anterior_nares	#8000ff	#8000ff	#8000ff	7
682	Streptomyces	Risungbinella	1.0	1	1	Anterior_nares	Anterior_nares	Anterior_nares	#8000ff	#8000ff	#8000ff	7
683	Risungbinella	Streptomyces	1.0	1	1	Anterior_nares	Anterior_nares	Anterior_nares	#8000ff	#8000ff	#8000ff	7
684	Streptomyces	Shuttleworthia	1.0	1	1	Anterior_nares	Subgingival_plaque	Intertype	#8000ff	#e4cf74	#cccccc	7
685	Shuttleworthia	Streptomyces	1.0	1	1	Subgingival_plaque	Anterior_nares	Intertype	#e4cf74	#8000ff	#cccccc	7
686	Tepidiphilus	Aliterella	1.0	1	1	Anterior_nares	Anterior_nares	Anterior_nares	#8000ff	#8000ff	#8000ff	7
687	Aliterella	Tepidiphilus	1.0	1	1	Anterior_nares	Anterior_nares	Anterior_nares	#8000ff	#8000ff	#8000ff	7
688	Tepidiphilus	Arthrobacter	1.0	1	1	Anterior_nares	Anterior_nares	Anterior_nares	#8000ff	#8000ff	#8000ff	7
689	Arthrobacter	Tepidiphilus	1.0	1	1	Anterior_nares	Anterior_nares	Anterior_nares	#8000ff	#8000ff	#8000ff	7
690	Tepidiphilus	Azohydromonas	1.0	1	1	Anterior_nares	Anterior_nares	Anterior_nares	#8000ff	#8000ff	#8000ff	7
691	Azohydromonas	Tepidiphilus	1.0	1	1	Anterior_nares	Anterior_nares	Anterior_nares	#8000ff	#8000ff	#8000ff	7
692	Tepidiphilus	Capnocytophaga	0.915777325007	1	4	Anterior_nares	Supragingival_plaque	Intertype	#8000ff	#ff964f	#cccccc	7
693	Capnocytophaga	Tepidiphilus	0.915777325007	4	1	Supragingival_plaque	Anterior_nares	Intertype	#ff964f	#8000ff	#cccccc	7
694	Tepidiphilus	Delftia	1.0	1	1	Anterior_nares	Anterior_nares	Anterior_nares	#8000ff	#8000ff	#8000ff	7
695	Delftia	Tepidiphilus	1.0	1	1	Anterior_nares	Anterior_nares	Anterior_nares	#8000ff	#8000ff	#8000ff	7
696	Tepidiphilus	Granulicatella	0.911258556537	1	3	Anterior_nares	Attached	Intertype	#8000ff	#4e4dfc	#cccccc	7
697	Granulicatella	Tepidiphilus	0.911258556537	3	1	Attached	Anterior_nares	Intertype	#4e4dfc	#8000ff	#cccccc	7
698	Tepidiphilus	Lactobacillus	0.995829064184	1	2	Anterior_nares	Mid_vagina	Intertype	#8000ff	#18cde4	#cccccc	7
699	Lactobacillus	Tepidiphilus	0.995829064184	2	1	Mid_vagina	Anterior_nares	Intertype	#18cde4	#8000ff	#cccccc	7
700	Tepidiphilus	Leptotrichia	0.999373102454	1	2	Anterior_nares	Supragingival_plaque	Intertype	#8000ff	#ff964f	#cccccc	7
701	Leptotrichia	Tepidiphilus	0.999373102454	2	1	Supragingival_plaque	Anterior_nares	Intertype	#ff964f	#8000ff	#cccccc	7
702	Tepidiphilus	Microvirga	1.0	1	1	Anterior_nares	Anterior_nares	Anterior_nares	#8000ff	#8000ff	#8000ff	7
703	Microvirga	Tepidiphilus	1.0	1	1	Anterior_nares	Anterior_nares	Anterior_nares	#8000ff	#8000ff	#8000ff	7
704	Tepidiphilus	Modestobacter	1.0	1	1	Anterior_nares	Anterior_nares	Anterior_nares	#8000ff	#8000ff	#8000ff	7
705	Modestobacter	Tepidiphilus	1.0	1	1	Anterior_nares	Anterior_nares	Anterior_nares	#8000ff	#8000ff	#8000ff	7
706	Tepidiphilus	Mycobacterium	0.999697159785	1	3	Anterior_nares	Mid_vagina	Intertype	#8000ff	#18cde4	#cccccc	7
707	Mycobacterium	Tepidiphilus	0.999697159785	3	1	Mid_vagina	Anterior_nares	Intertype	#18cde4	#8000ff	#cccccc	7
708	Tepidiphilus	Photobacterium	1.0	1	1	Anterior_nares	Anterior_nares	Anterior_nares	#8000ff	#8000ff	#8000ff	7
709	Photobacterium	Tepidiphilus	1.0	1	1	Anterior_nares	Anterior_nares	Anterior_nares	#8000ff	#8000ff	#8000ff	7
710	Tepidiphilus	Rheinheimera	1.0	1	1	Anterior_nares	Anterior_nares	Anterior_nares	#8000ff	#8000ff	#8000ff	7
711	Rheinheimera	Tepidiphilus	1.0	1	1	Anterior_nares	Anterior_nares	Anterior_nares	#8000ff	#8000ff	#8000ff	7
712	Tepidiphilus	Sphingobium	0.998632304317	1	2	Anterior_nares	Mid_vagina	Intertype	#8000ff	#18cde4	#cccccc	7
713	Sphingobium	Tepidiphilus	0.998632304317	2	1	Mid_vagina	Anterior_nares	Intertype	#18cde4	#8000ff	#cccccc	7
714	Tepidiphilus	Sphingomonas	0.976825717145	1	2	Anterior_nares	Anterior_nares	Anterior_nares	#8000ff	#8000ff	#8000ff	7
715	Sphingomonas	Tepidiphilus	0.976825717145	2	1	Anterior_nares	Anterior_nares	Anterior_nares	#8000ff	#8000ff	#8000ff	7
716	Tepidiphilus	Stenotrophomonas	0.802661765953	1	3	Anterior_nares	Anterior_nares	Anterior_nares	#8000ff	#8000ff	#8000ff	7
717	Stenotrophomonas	Tepidiphilus	0.802661765953	3	1	Anterior_nares	Anterior_nares	Anterior_nares	#8000ff	#8000ff	#8000ff	7
718	Tepidiphilus	Stomatobaculum	1.0	1	1	Anterior_nares	Saliva	Intertype	#8000ff	#7effb5	#cccccc	7
719	Stomatobaculum	Tepidiphilus	1.0	1	1	Saliva	Anterior_nares	Intertype	#7effb5	#8000ff	#cccccc	7
720	Vibrio	Aliterella	1.0	1	1	Anterior_nares	Anterior_nares	Anterior_nares	#8000ff	#8000ff	#8000ff	7
721	Aliterella	Vibrio	1.0	1	1	Anterior_nares	Anterior_nares	Anterior_nares	#8000ff	#8000ff	#8000ff	7
722	Vibrio	Arthrobacter	1.0	1	1	Anterior_nares	Anterior_nares	Anterior_nares	#8000ff	#8000ff	#8000ff	7
723	Arthrobacter	Vibrio	1.0	1	1	Anterior_nares	Anterior_nares	Anterior_nares	#8000ff	#8000ff	#8000ff	7
724	Vibrio	Azohydromonas	1.0	1	1	Anterior_nares	Anterior_nares	Anterior_nares	#8000ff	#8000ff	#8000ff	7
725	Azohydromonas	Vibrio	1.0	1	1	Anterior_nares	Anterior_nares	Anterior_nares	#8000ff	#8000ff	#8000ff	7
726	Vibrio	Capnocytophaga	0.915777325007	1	4	Anterior_nares	Supragingival_plaque	Intertype	#8000ff	#ff964f	#cccccc	7
727	Capnocytophaga	Vibrio	0.915777325007	4	1	Supragingival_plaque	Anterior_nares	Intertype	#ff964f	#8000ff	#cccccc	7
728	Vibrio	Delftia	1.0	1	1	Anterior_nares	Anterior_nares	Anterior_nares	#8000ff	#8000ff	#8000ff	7
729	Delftia	Vibrio	1.0	1	1	Anterior_nares	Anterior_nares	Anterior_nares	#8000ff	#8000ff	#8000ff	7
730	Vibrio	Granulicatella	0.911258556537	1	3	Anterior_nares	Attached	Intertype	#8000ff	#4e4dfc	#cccccc	7
731	Granulicatella	Vibrio	0.911258556537	3	1	Attached	Anterior_nares	Intertype	#4e4dfc	#8000ff	#cccccc	7
732	Vibrio	Lactobacillus	0.995829064184	1	2	Anterior_nares	Mid_vagina	Intertype	#8000ff	#18cde4	#cccccc	7
733	Lactobacillus	Vibrio	0.995829064184	2	1	Mid_vagina	Anterior_nares	Intertype	#18cde4	#8000ff	#cccccc	7
734	Vibrio	Leptotrichia	0.999373102454	1	2	Anterior_nares	Supragingival_plaque	Intertype	#8000ff	#ff964f	#cccccc	7
735	Leptotrichia	Vibrio	0.999373102454	2	1	Supragingival_plaque	Anterior_nares	Intertype	#ff964f	#8000ff	#cccccc	7
736	Vibrio	Microvirga	1.0	1	1	Anterior_nares	Anterior_nares	Anterior_nares	#8000ff	#8000ff	#8000ff	7
737	Microvirga	Vibrio	1.0	1	1	Anterior_nares	Anterior_nares	Anterior_nares	#8000ff	#8000ff	#8000ff	7
738	Vibrio	Modestobacter	1.0	1	1	Anterior_nares	Anterior_nares	Anterior_nares	#8000ff	#8000ff	#8000ff	7
739	Modestobacter	Vibrio	1.0	1	1	Anterior_nares	Anterior_nares	Anterior_nares	#8000ff	#8000ff	#8000ff	7
740	Vibrio	Mycobacterium	0.999697159785	1	3	Anterior_nares	Mid_vagina	Intertype	#8000ff	#18cde4	#cccccc	7
741	Mycobacterium	Vibrio	0.999697159785	3	1	Mid_vagina	Anterior_nares	Intertype	#18cde4	#8000ff	#cccccc	7
742	Vibrio	Photobacterium	1.0	1	1	Anterior_nares	Anterior_nares	Anterior_nares	#8000ff	#8000ff	#8000ff	7
743	Photobacterium	Vibrio	1.0	1	1	Anterior_nares	Anterior_nares	Anterior_nares	#8000ff	#8000ff	#8000ff	7
744	Vibrio	Rheinheimera	1.0	1	1	Anterior_nares	Anterior_nares	Anterior_nares	#8000ff	#8000ff	#8000ff	7
745	Rheinheimera	Vibrio	1.0	1	1	Anterior_nares	Anterior_nares	Anterior_nares	#8000ff	#8000ff	#8000ff	7
746	Vibrio	Sphingobium	0.998632304317	1	2	Anterior_nares	Mid_vagina	Intertype	#8000ff	#18cde4	#cccccc	7
747	Sphingobium	Vibrio	0.998632304317	2	1	Mid_vagina	Anterior_nares	Intertype	#18cde4	#8000ff	#cccccc	7
748	Vibrio	Sphingomonas	0.976825717145	1	2	Anterior_nares	Anterior_nares	Anterior_nares	#8000ff	#8000ff	#8000ff	7
749	Sphingomonas	Vibrio	0.976825717145	2	1	Anterior_nares	Anterior_nares	Anterior_nares	#8000ff	#8000ff	#8000ff	7
750	Vibrio	Stenotrophomonas	0.802661765953	1	3	Anterior_nares	Anterior_nares	Anterior_nares	#8000ff	#8000ff	#8000ff	7
751	Stenotrophomonas	Vibrio	0.802661765953	3	1	Anterior_nares	Anterior_nares	Anterior_nares	#8000ff	#8000ff	#8000ff	7
752	Vibrio	Stomatobaculum	1.0	1	1	Anterior_nares	Saliva	Intertype	#8000ff	#7effb5	#cccccc	7
753	Stomatobaculum	Vibrio	1.0	1	1	Saliva	Anterior_nares	Intertype	#7effb5	#8000ff	#cccccc	7
754	Vibrio	Tepidiphilus	1.0	1	1	Anterior_nares	Anterior_nares	Anterior_nares	#8000ff	#8000ff	#8000ff	7
755	Tepidiphilus	Vibrio	1.0	1	1	Anterior_nares	Anterior_nares	Anterior_nares	#8000ff	#8000ff	#8000ff	7
756	Xanthomonas	Aliterella	0.999364003789	2	1	Anterior_nares	Anterior_nares	Anterior_nares	#8000ff	#8000ff	#8000ff	7
757	Aliterella	Xanthomonas	0.999364003789	1	2	Anterior_nares	Anterior_nares	Anterior_nares	#8000ff	#8000ff	#8000ff	7
758	Xanthomonas	Arthrobacter	0.999364003789	2	1	Anterior_nares	Anterior_nares	Anterior_nares	#8000ff	#8000ff	#8000ff	7
759	Arthrobacter	Xanthomonas	0.999364003789	1	2	Anterior_nares	Anterior_nares	Anterior_nares	#8000ff	#8000ff	#8000ff	7
760	Xanthomonas	Azohydromonas	0.999364003789	2	1	Anterior_nares	Anterior_nares	Anterior_nares	#8000ff	#8000ff	#8000ff	7
761	Azohydromonas	Xanthomonas	0.999364003789	1	2	Anterior_nares	Anterior_nares	Anterior_nares	#8000ff	#8000ff	#8000ff	7
762	Xanthomonas	Delftia	0.999364003789	2	1	Anterior_nares	Anterior_nares	Anterior_nares	#8000ff	#8000ff	#8000ff	7
763	Delftia	Xanthomonas	0.999364003789	1	2	Anterior_nares	Anterior_nares	Anterior_nares	#8000ff	#8000ff	#8000ff	7
764	Xanthomonas	Microvirga	0.999364003789	2	1	Anterior_nares	Anterior_nares	Anterior_nares	#8000ff	#8000ff	#8000ff	7
765	Microvirga	Xanthomonas	0.999364003789	1	2	Anterior_nares	Anterior_nares	Anterior_nares	#8000ff	#8000ff	#8000ff	7
766	Xanthomonas	Modestobacter	0.999364003789	2	1	Anterior_nares	Anterior_nares	Anterior_nares	#8000ff	#8000ff	#8000ff	7
767	Modestobacter	Xanthomonas	0.999364003789	1	2	Anterior_nares	Anterior_nares	Anterior_nares	#8000ff	#8000ff	#8000ff	7
768	Xanthomonas	Photobacterium	0.999364003789	2	1	Anterior_nares	Anterior_nares	Anterior_nares	#8000ff	#8000ff	#8000ff	7
769	Photobacterium	Xanthomonas	0.999364003789	1	2	Anterior_nares	Anterior_nares	Anterior_nares	#8000ff	#8000ff	#8000ff	7
770	Xanthomonas	Rheinheimera	0.999364003789	2	1	Anterior_nares	Anterior_nares	Anterior_nares	#8000ff	#8000ff	#8000ff	7
771	Rheinheimera	Xanthomonas	0.999364003789	1	2	Anterior_nares	Anterior_nares	Anterior_nares	#8000ff	#8000ff	#8000ff	7
772	Xanthomonas	Stomatobaculum	0.999364003789	2	1	Anterior_nares	Saliva	Intertype	#8000ff	#7effb5	#cccccc	7
773	Stomatobaculum	Xanthomonas	0.999364003789	1	2	Saliva	Anterior_nares	Intertype	#7effb5	#8000ff	#cccccc	7
774	Xanthomonas	Tepidiphilus	0.999364003789	2	1	Anterior_nares	Anterior_nares	Anterior_nares	#8000ff	#8000ff	#8000ff	7
775	Tepidiphilus	Xanthomonas	0.999364003789	1	2	Anterior_nares	Anterior_nares	Anterior_nares	#8000ff	#8000ff	#8000ff	7
776	Xanthomonas	Vibrio	0.999364003789	2	1	Anterior_nares	Anterior_nares	Anterior_nares	#8000ff	#8000ff	#8000ff	7
777	Vibrio	Xanthomonas	0.999364003789	1	2	Anterior_nares	Anterior_nares	Anterior_nares	#8000ff	#8000ff	#8000ff	7
