source	Unnamed: 0	source	target	weight	first_sample	second_sample	edge_sample	fscolor	sscolor	edcolor	spect_cluster	commun_cluster	spect_color	comm_color
Comamonas	0	Comamonas	Bacteroides	1.0	Buccal_mucosa	Stool	Intertype	#1996f3	#b2f396	#cccccc	0.0	0.0	#8000ff	#8000ff
Bacteroides	1	Bacteroides	Comamonas	1.0	Stool	Buccal_mucosa	Intertype	#b2f396	#1996f3	#cccccc	0.0	0.0	#8000ff	#8000ff
Corynebacterium	2	Corynebacterium	Bacteroides	1.0	Supragingival_plaque	Stool	Intertype	#ff964f	#b2f396	#cccccc	0.0	0.0	#8000ff	#8000ff
Bacteroides	3	Bacteroides	Corynebacterium	1.0	Stool	Supragingival_plaque	Intertype	#b2f396	#ff964f	#cccccc	0.0	0.0	#8000ff	#8000ff
Corynebacterium	4	Corynebacterium	Comamonas	1.0	Supragingival_plaque	Buccal_mucosa	Intertype	#ff964f	#1996f3	#cccccc	0.0	0.0	#8000ff	#8000ff
Comamonas	5	Comamonas	Corynebacterium	1.0	Buccal_mucosa	Supragingival_plaque	Intertype	#1996f3	#ff964f	#cccccc	0.0	0.0	#8000ff	#8000ff
Cupriavidus	6	Cupriavidus	Bacteroides	1.0	Posterior_fornix	Stool	Intertype	#4df3ce	#b2f396	#cccccc	0.0	0.0	#8000ff	#8000ff
Bacteroides	7	Bacteroides	Cupriavidus	1.0	Stool	Posterior_fornix	Intertype	#b2f396	#4df3ce	#cccccc	0.0	0.0	#8000ff	#8000ff
Cupriavidus	8	Cupriavidus	Comamonas	1.0	Posterior_fornix	Buccal_mucosa	Intertype	#4df3ce	#1996f3	#cccccc	0.0	0.0	#8000ff	#8000ff
Comamonas	9	Comamonas	Cupriavidus	1.0	Buccal_mucosa	Posterior_fornix	Intertype	#1996f3	#4df3ce	#cccccc	0.0	0.0	#8000ff	#8000ff
Cupriavidus	10	Cupriavidus	Corynebacterium	1.0	Posterior_fornix	Supragingival_plaque	Intertype	#4df3ce	#ff964f	#cccccc	0.0	0.0	#8000ff	#8000ff
Corynebacterium	11	Corynebacterium	Cupriavidus	1.0	Supragingival_plaque	Posterior_fornix	Intertype	#ff964f	#4df3ce	#cccccc	0.0	0.0	#8000ff	#8000ff
Finegoldia	12	Finegoldia	Bacteroides	1.0	Anterior_nares	Stool	Intertype	#8000ff	#b2f396	#cccccc	0.0	0.0	#8000ff	#8000ff
Bacteroides	13	Bacteroides	Finegoldia	1.0	Stool	Anterior_nares	Intertype	#b2f396	#8000ff	#cccccc	0.0	0.0	#8000ff	#8000ff
Finegoldia	14	Finegoldia	Comamonas	1.0	Anterior_nares	Buccal_mucosa	Intertype	#8000ff	#1996f3	#cccccc	0.0	0.0	#8000ff	#8000ff
Comamonas	15	Comamonas	Finegoldia	1.0	Buccal_mucosa	Anterior_nares	Intertype	#1996f3	#8000ff	#cccccc	0.0	0.0	#8000ff	#8000ff
Finegoldia	16	Finegoldia	Corynebacterium	1.0	Anterior_nares	Supragingival_plaque	Intertype	#8000ff	#ff964f	#cccccc	0.0	0.0	#8000ff	#8000ff
Corynebacterium	17	Corynebacterium	Finegoldia	1.0	Supragingival_plaque	Anterior_nares	Intertype	#ff964f	#8000ff	#cccccc	0.0	0.0	#8000ff	#8000ff
Finegoldia	18	Finegoldia	Cupriavidus	1.0	Anterior_nares	Posterior_fornix	Intertype	#8000ff	#4df3ce	#cccccc	0.0	0.0	#8000ff	#8000ff
Cupriavidus	19	Cupriavidus	Finegoldia	1.0	Posterior_fornix	Anterior_nares	Intertype	#4df3ce	#8000ff	#cccccc	0.0	0.0	#8000ff	#8000ff
Gardnerella	20	Gardnerella	Bacteroides	1.0	Posterior_fornix	Stool	Intertype	#4df3ce	#b2f396	#cccccc	0.0	0.0	#8000ff	#8000ff
Bacteroides	21	Bacteroides	Gardnerella	1.0	Stool	Posterior_fornix	Intertype	#b2f396	#4df3ce	#cccccc	0.0	0.0	#8000ff	#8000ff
Gardnerella	22	Gardnerella	Comamonas	1.0	Posterior_fornix	Buccal_mucosa	Intertype	#4df3ce	#1996f3	#cccccc	0.0	0.0	#8000ff	#8000ff
Comamonas	23	Comamonas	Gardnerella	1.0	Buccal_mucosa	Posterior_fornix	Intertype	#1996f3	#4df3ce	#cccccc	0.0	0.0	#8000ff	#8000ff
Gardnerella	24	Gardnerella	Corynebacterium	1.0	Posterior_fornix	Supragingival_plaque	Intertype	#4df3ce	#ff964f	#cccccc	0.0	0.0	#8000ff	#8000ff
Corynebacterium	25	Corynebacterium	Gardnerella	1.0	Supragingival_plaque	Posterior_fornix	Intertype	#ff964f	#4df3ce	#cccccc	0.0	0.0	#8000ff	#8000ff
Gardnerella	26	Gardnerella	Cupriavidus	1.0	Posterior_fornix	Posterior_fornix	Posterior_fornix	#4df3ce	#4df3ce	#4df3ce	0.0	0.0	#8000ff	#8000ff
Cupriavidus	27	Cupriavidus	Gardnerella	1.0	Posterior_fornix	Posterior_fornix	Posterior_fornix	#4df3ce	#4df3ce	#4df3ce	0.0	0.0	#8000ff	#8000ff
Gardnerella	28	Gardnerella	Finegoldia	1.0	Posterior_fornix	Anterior_nares	Intertype	#4df3ce	#8000ff	#cccccc	0.0	0.0	#8000ff	#8000ff
Finegoldia	29	Finegoldia	Gardnerella	1.0	Anterior_nares	Posterior_fornix	Intertype	#8000ff	#4df3ce	#cccccc	0.0	0.0	#8000ff	#8000ff
Herbaspirillum	30	Herbaspirillum	Bacteroides	1.0	Posterior_fornix	Stool	Intertype	#4df3ce	#b2f396	#cccccc	0.0	0.0	#8000ff	#8000ff
Bacteroides	31	Bacteroides	Herbaspirillum	1.0	Stool	Posterior_fornix	Intertype	#b2f396	#4df3ce	#cccccc	0.0	0.0	#8000ff	#8000ff
Herbaspirillum	32	Herbaspirillum	Comamonas	1.0	Posterior_fornix	Buccal_mucosa	Intertype	#4df3ce	#1996f3	#cccccc	0.0	0.0	#8000ff	#8000ff
Comamonas	33	Comamonas	Herbaspirillum	1.0	Buccal_mucosa	Posterior_fornix	Intertype	#1996f3	#4df3ce	#cccccc	0.0	0.0	#8000ff	#8000ff
Herbaspirillum	34	Herbaspirillum	Corynebacterium	1.0	Posterior_fornix	Supragingival_plaque	Intertype	#4df3ce	#ff964f	#cccccc	0.0	0.0	#8000ff	#8000ff
Corynebacterium	35	Corynebacterium	Herbaspirillum	1.0	Supragingival_plaque	Posterior_fornix	Intertype	#ff964f	#4df3ce	#cccccc	0.0	0.0	#8000ff	#8000ff
Herbaspirillum	36	Herbaspirillum	Cupriavidus	1.0	Posterior_fornix	Posterior_fornix	Posterior_fornix	#4df3ce	#4df3ce	#4df3ce	0.0	0.0	#8000ff	#8000ff
Cupriavidus	37	Cupriavidus	Herbaspirillum	1.0	Posterior_fornix	Posterior_fornix	Posterior_fornix	#4df3ce	#4df3ce	#4df3ce	0.0	0.0	#8000ff	#8000ff
Herbaspirillum	38	Herbaspirillum	Finegoldia	1.0	Posterior_fornix	Anterior_nares	Intertype	#4df3ce	#8000ff	#cccccc	0.0	0.0	#8000ff	#8000ff
Finegoldia	39	Finegoldia	Herbaspirillum	1.0	Anterior_nares	Posterior_fornix	Intertype	#8000ff	#4df3ce	#cccccc	0.0	0.0	#8000ff	#8000ff
Herbaspirillum	40	Herbaspirillum	Gardnerella	1.0	Posterior_fornix	Posterior_fornix	Posterior_fornix	#4df3ce	#4df3ce	#4df3ce	0.0	0.0	#8000ff	#8000ff
Gardnerella	41	Gardnerella	Herbaspirillum	1.0	Posterior_fornix	Posterior_fornix	Posterior_fornix	#4df3ce	#4df3ce	#4df3ce	0.0	0.0	#8000ff	#8000ff
Lactobacillus	42	Lactobacillus	Bacteroides	1.0	Posterior_fornix	Stool	Intertype	#4df3ce	#b2f396	#cccccc	0.0	0.0	#8000ff	#8000ff
Bacteroides	43	Bacteroides	Lactobacillus	1.0	Stool	Posterior_fornix	Intertype	#b2f396	#4df3ce	#cccccc	0.0	0.0	#8000ff	#8000ff
Lactobacillus	44	Lactobacillus	Comamonas	1.0	Posterior_fornix	Buccal_mucosa	Intertype	#4df3ce	#1996f3	#cccccc	0.0	0.0	#8000ff	#8000ff
Comamonas	45	Comamonas	Lactobacillus	1.0	Buccal_mucosa	Posterior_fornix	Intertype	#1996f3	#4df3ce	#cccccc	0.0	0.0	#8000ff	#8000ff
Lactobacillus	46	Lactobacillus	Corynebacterium	1.0	Posterior_fornix	Supragingival_plaque	Intertype	#4df3ce	#ff964f	#cccccc	0.0	0.0	#8000ff	#8000ff
Corynebacterium	47	Corynebacterium	Lactobacillus	1.0	Supragingival_plaque	Posterior_fornix	Intertype	#ff964f	#4df3ce	#cccccc	0.0	0.0	#8000ff	#8000ff
Lactobacillus	48	Lactobacillus	Cupriavidus	1.0	Posterior_fornix	Posterior_fornix	Posterior_fornix	#4df3ce	#4df3ce	#4df3ce	0.0	0.0	#8000ff	#8000ff
Cupriavidus	49	Cupriavidus	Lactobacillus	1.0	Posterior_fornix	Posterior_fornix	Posterior_fornix	#4df3ce	#4df3ce	#4df3ce	0.0	0.0	#8000ff	#8000ff
Lactobacillus	50	Lactobacillus	Finegoldia	1.0	Posterior_fornix	Anterior_nares	Intertype	#4df3ce	#8000ff	#cccccc	0.0	0.0	#8000ff	#8000ff
Finegoldia	51	Finegoldia	Lactobacillus	1.0	Anterior_nares	Posterior_fornix	Intertype	#8000ff	#4df3ce	#cccccc	0.0	0.0	#8000ff	#8000ff
Lactobacillus	52	Lactobacillus	Gardnerella	1.0	Posterior_fornix	Posterior_fornix	Posterior_fornix	#4df3ce	#4df3ce	#4df3ce	0.0	0.0	#8000ff	#8000ff
Gardnerella	53	Gardnerella	Lactobacillus	1.0	Posterior_fornix	Posterior_fornix	Posterior_fornix	#4df3ce	#4df3ce	#4df3ce	0.0	0.0	#8000ff	#8000ff
Lactobacillus	54	Lactobacillus	Herbaspirillum	1.0	Posterior_fornix	Posterior_fornix	Posterior_fornix	#4df3ce	#4df3ce	#4df3ce	0.0	0.0	#8000ff	#8000ff
Herbaspirillum	55	Herbaspirillum	Lactobacillus	1.0	Posterior_fornix	Posterior_fornix	Posterior_fornix	#4df3ce	#4df3ce	#4df3ce	0.0	0.0	#8000ff	#8000ff
Mycobacterium	56	Mycobacterium	Bacteroides	1.0	Posterior_fornix	Stool	Intertype	#4df3ce	#b2f396	#cccccc	0.0	0.0	#8000ff	#8000ff
Bacteroides	57	Bacteroides	Mycobacterium	1.0	Stool	Posterior_fornix	Intertype	#b2f396	#4df3ce	#cccccc	0.0	0.0	#8000ff	#8000ff
Mycobacterium	58	Mycobacterium	Comamonas	1.0	Posterior_fornix	Buccal_mucosa	Intertype	#4df3ce	#1996f3	#cccccc	0.0	0.0	#8000ff	#8000ff
Comamonas	59	Comamonas	Mycobacterium	1.0	Buccal_mucosa	Posterior_fornix	Intertype	#1996f3	#4df3ce	#cccccc	0.0	0.0	#8000ff	#8000ff
Mycobacterium	60	Mycobacterium	Corynebacterium	1.0	Posterior_fornix	Supragingival_plaque	Intertype	#4df3ce	#ff964f	#cccccc	0.0	0.0	#8000ff	#8000ff
Corynebacterium	61	Corynebacterium	Mycobacterium	1.0	Supragingival_plaque	Posterior_fornix	Intertype	#ff964f	#4df3ce	#cccccc	0.0	0.0	#8000ff	#8000ff
Mycobacterium	62	Mycobacterium	Cupriavidus	1.0	Posterior_fornix	Posterior_fornix	Posterior_fornix	#4df3ce	#4df3ce	#4df3ce	0.0	0.0	#8000ff	#8000ff
Cupriavidus	63	Cupriavidus	Mycobacterium	1.0	Posterior_fornix	Posterior_fornix	Posterior_fornix	#4df3ce	#4df3ce	#4df3ce	0.0	0.0	#8000ff	#8000ff
Mycobacterium	64	Mycobacterium	Finegoldia	1.0	Posterior_fornix	Anterior_nares	Intertype	#4df3ce	#8000ff	#cccccc	0.0	0.0	#8000ff	#8000ff
Finegoldia	65	Finegoldia	Mycobacterium	1.0	Anterior_nares	Posterior_fornix	Intertype	#8000ff	#4df3ce	#cccccc	0.0	0.0	#8000ff	#8000ff
Mycobacterium	66	Mycobacterium	Gardnerella	1.0	Posterior_fornix	Posterior_fornix	Posterior_fornix	#4df3ce	#4df3ce	#4df3ce	0.0	0.0	#8000ff	#8000ff
Gardnerella	67	Gardnerella	Mycobacterium	1.0	Posterior_fornix	Posterior_fornix	Posterior_fornix	#4df3ce	#4df3ce	#4df3ce	0.0	0.0	#8000ff	#8000ff
Mycobacterium	68	Mycobacterium	Herbaspirillum	1.0	Posterior_fornix	Posterior_fornix	Posterior_fornix	#4df3ce	#4df3ce	#4df3ce	0.0	0.0	#8000ff	#8000ff
Herbaspirillum	69	Herbaspirillum	Mycobacterium	1.0	Posterior_fornix	Posterior_fornix	Posterior_fornix	#4df3ce	#4df3ce	#4df3ce	0.0	0.0	#8000ff	#8000ff
Mycobacterium	70	Mycobacterium	Lactobacillus	1.0	Posterior_fornix	Posterior_fornix	Posterior_fornix	#4df3ce	#4df3ce	#4df3ce	0.0	0.0	#8000ff	#8000ff
Lactobacillus	71	Lactobacillus	Mycobacterium	1.0	Posterior_fornix	Posterior_fornix	Posterior_fornix	#4df3ce	#4df3ce	#4df3ce	0.0	0.0	#8000ff	#8000ff
Nocardia	72	Nocardia	Bacteroides	1.0	Posterior_fornix	Stool	Intertype	#4df3ce	#b2f396	#cccccc	0.0	0.0	#8000ff	#8000ff
Bacteroides	73	Bacteroides	Nocardia	1.0	Stool	Posterior_fornix	Intertype	#b2f396	#4df3ce	#cccccc	0.0	0.0	#8000ff	#8000ff
Nocardia	74	Nocardia	Comamonas	1.0	Posterior_fornix	Buccal_mucosa	Intertype	#4df3ce	#1996f3	#cccccc	0.0	0.0	#8000ff	#8000ff
Comamonas	75	Comamonas	Nocardia	1.0	Buccal_mucosa	Posterior_fornix	Intertype	#1996f3	#4df3ce	#cccccc	0.0	0.0	#8000ff	#8000ff
Nocardia	76	Nocardia	Corynebacterium	1.0	Posterior_fornix	Supragingival_plaque	Intertype	#4df3ce	#ff964f	#cccccc	0.0	0.0	#8000ff	#8000ff
Corynebacterium	77	Corynebacterium	Nocardia	1.0	Supragingival_plaque	Posterior_fornix	Intertype	#ff964f	#4df3ce	#cccccc	0.0	0.0	#8000ff	#8000ff
Nocardia	78	Nocardia	Cupriavidus	1.0	Posterior_fornix	Posterior_fornix	Posterior_fornix	#4df3ce	#4df3ce	#4df3ce	0.0	0.0	#8000ff	#8000ff
Cupriavidus	79	Cupriavidus	Nocardia	1.0	Posterior_fornix	Posterior_fornix	Posterior_fornix	#4df3ce	#4df3ce	#4df3ce	0.0	0.0	#8000ff	#8000ff
Nocardia	80	Nocardia	Finegoldia	1.0	Posterior_fornix	Anterior_nares	Intertype	#4df3ce	#8000ff	#cccccc	0.0	0.0	#8000ff	#8000ff
Finegoldia	81	Finegoldia	Nocardia	1.0	Anterior_nares	Posterior_fornix	Intertype	#8000ff	#4df3ce	#cccccc	0.0	0.0	#8000ff	#8000ff
Nocardia	82	Nocardia	Gardnerella	1.0	Posterior_fornix	Posterior_fornix	Posterior_fornix	#4df3ce	#4df3ce	#4df3ce	0.0	0.0	#8000ff	#8000ff
Gardnerella	83	Gardnerella	Nocardia	1.0	Posterior_fornix	Posterior_fornix	Posterior_fornix	#4df3ce	#4df3ce	#4df3ce	0.0	0.0	#8000ff	#8000ff
Nocardia	84	Nocardia	Herbaspirillum	1.0	Posterior_fornix	Posterior_fornix	Posterior_fornix	#4df3ce	#4df3ce	#4df3ce	0.0	0.0	#8000ff	#8000ff
Herbaspirillum	85	Herbaspirillum	Nocardia	1.0	Posterior_fornix	Posterior_fornix	Posterior_fornix	#4df3ce	#4df3ce	#4df3ce	0.0	0.0	#8000ff	#8000ff
Nocardia	86	Nocardia	Lactobacillus	1.0	Posterior_fornix	Posterior_fornix	Posterior_fornix	#4df3ce	#4df3ce	#4df3ce	0.0	0.0	#8000ff	#8000ff
Lactobacillus	87	Lactobacillus	Nocardia	1.0	Posterior_fornix	Posterior_fornix	Posterior_fornix	#4df3ce	#4df3ce	#4df3ce	0.0	0.0	#8000ff	#8000ff
Nocardia	88	Nocardia	Mycobacterium	1.0	Posterior_fornix	Posterior_fornix	Posterior_fornix	#4df3ce	#4df3ce	#4df3ce	0.0	0.0	#8000ff	#8000ff
Mycobacterium	89	Mycobacterium	Nocardia	1.0	Posterior_fornix	Posterior_fornix	Posterior_fornix	#4df3ce	#4df3ce	#4df3ce	0.0	0.0	#8000ff	#8000ff
Peptoniphilus	90	Peptoniphilus	Bacteroides	1.0	Anterior_nares	Stool	Intertype	#8000ff	#b2f396	#cccccc	0.0	0.0	#8000ff	#8000ff
Bacteroides	91	Bacteroides	Peptoniphilus	1.0	Stool	Anterior_nares	Intertype	#b2f396	#8000ff	#cccccc	0.0	0.0	#8000ff	#8000ff
Peptoniphilus	92	Peptoniphilus	Comamonas	1.0	Anterior_nares	Buccal_mucosa	Intertype	#8000ff	#1996f3	#cccccc	0.0	0.0	#8000ff	#8000ff
Comamonas	93	Comamonas	Peptoniphilus	1.0	Buccal_mucosa	Anterior_nares	Intertype	#1996f3	#8000ff	#cccccc	0.0	0.0	#8000ff	#8000ff
Peptoniphilus	94	Peptoniphilus	Corynebacterium	1.0	Anterior_nares	Supragingival_plaque	Intertype	#8000ff	#ff964f	#cccccc	0.0	0.0	#8000ff	#8000ff
Corynebacterium	95	Corynebacterium	Peptoniphilus	1.0	Supragingival_plaque	Anterior_nares	Intertype	#ff964f	#8000ff	#cccccc	0.0	0.0	#8000ff	#8000ff
Peptoniphilus	96	Peptoniphilus	Cupriavidus	1.0	Anterior_nares	Posterior_fornix	Intertype	#8000ff	#4df3ce	#cccccc	0.0	0.0	#8000ff	#8000ff
Cupriavidus	97	Cupriavidus	Peptoniphilus	1.0	Posterior_fornix	Anterior_nares	Intertype	#4df3ce	#8000ff	#cccccc	0.0	0.0	#8000ff	#8000ff
Peptoniphilus	98	Peptoniphilus	Finegoldia	1.0	Anterior_nares	Anterior_nares	Anterior_nares	#8000ff	#8000ff	#8000ff	0.0	0.0	#8000ff	#8000ff
Finegoldia	99	Finegoldia	Peptoniphilus	1.0	Anterior_nares	Anterior_nares	Anterior_nares	#8000ff	#8000ff	#8000ff	0.0	0.0	#8000ff	#8000ff
Peptoniphilus	100	Peptoniphilus	Gardnerella	1.0	Anterior_nares	Posterior_fornix	Intertype	#8000ff	#4df3ce	#cccccc	0.0	0.0	#8000ff	#8000ff
Gardnerella	101	Gardnerella	Peptoniphilus	1.0	Posterior_fornix	Anterior_nares	Intertype	#4df3ce	#8000ff	#cccccc	0.0	0.0	#8000ff	#8000ff
Peptoniphilus	102	Peptoniphilus	Herbaspirillum	1.0	Anterior_nares	Posterior_fornix	Intertype	#8000ff	#4df3ce	#cccccc	0.0	0.0	#8000ff	#8000ff
Herbaspirillum	103	Herbaspirillum	Peptoniphilus	1.0	Posterior_fornix	Anterior_nares	Intertype	#4df3ce	#8000ff	#cccccc	0.0	0.0	#8000ff	#8000ff
Peptoniphilus	104	Peptoniphilus	Lactobacillus	1.0	Anterior_nares	Posterior_fornix	Intertype	#8000ff	#4df3ce	#cccccc	0.0	0.0	#8000ff	#8000ff
Lactobacillus	105	Lactobacillus	Peptoniphilus	1.0	Posterior_fornix	Anterior_nares	Intertype	#4df3ce	#8000ff	#cccccc	0.0	0.0	#8000ff	#8000ff
Peptoniphilus	106	Peptoniphilus	Mycobacterium	1.0	Anterior_nares	Posterior_fornix	Intertype	#8000ff	#4df3ce	#cccccc	0.0	0.0	#8000ff	#8000ff
Mycobacterium	107	Mycobacterium	Peptoniphilus	1.0	Posterior_fornix	Anterior_nares	Intertype	#4df3ce	#8000ff	#cccccc	0.0	0.0	#8000ff	#8000ff
Peptoniphilus	108	Peptoniphilus	Nocardia	1.0	Anterior_nares	Posterior_fornix	Intertype	#8000ff	#4df3ce	#cccccc	0.0	0.0	#8000ff	#8000ff
Nocardia	109	Nocardia	Peptoniphilus	1.0	Posterior_fornix	Anterior_nares	Intertype	#4df3ce	#8000ff	#cccccc	0.0	0.0	#8000ff	#8000ff
Prevotella	110	Prevotella	Bacteroides	1.0	Tongue_dorsum	Stool	Intertype	#ff0000	#b2f396	#cccccc	0.0	0.0	#8000ff	#8000ff
Bacteroides	111	Bacteroides	Prevotella	1.0	Stool	Tongue_dorsum	Intertype	#b2f396	#ff0000	#cccccc	0.0	0.0	#8000ff	#8000ff
Prevotella	112	Prevotella	Comamonas	1.0	Tongue_dorsum	Buccal_mucosa	Intertype	#ff0000	#1996f3	#cccccc	0.0	0.0	#8000ff	#8000ff
Comamonas	113	Comamonas	Prevotella	1.0	Buccal_mucosa	Tongue_dorsum	Intertype	#1996f3	#ff0000	#cccccc	0.0	0.0	#8000ff	#8000ff
Prevotella	114	Prevotella	Corynebacterium	1.0	Tongue_dorsum	Supragingival_plaque	Intertype	#ff0000	#ff964f	#cccccc	0.0	0.0	#8000ff	#8000ff
Corynebacterium	115	Corynebacterium	Prevotella	1.0	Supragingival_plaque	Tongue_dorsum	Intertype	#ff964f	#ff0000	#cccccc	0.0	0.0	#8000ff	#8000ff
Prevotella	116	Prevotella	Cupriavidus	1.0	Tongue_dorsum	Posterior_fornix	Intertype	#ff0000	#4df3ce	#cccccc	0.0	0.0	#8000ff	#8000ff
Cupriavidus	117	Cupriavidus	Prevotella	1.0	Posterior_fornix	Tongue_dorsum	Intertype	#4df3ce	#ff0000	#cccccc	0.0	0.0	#8000ff	#8000ff
Prevotella	118	Prevotella	Finegoldia	1.0	Tongue_dorsum	Anterior_nares	Intertype	#ff0000	#8000ff	#cccccc	0.0	0.0	#8000ff	#8000ff
Finegoldia	119	Finegoldia	Prevotella	1.0	Anterior_nares	Tongue_dorsum	Intertype	#8000ff	#ff0000	#cccccc	0.0	0.0	#8000ff	#8000ff
Prevotella	120	Prevotella	Gardnerella	1.0	Tongue_dorsum	Posterior_fornix	Intertype	#ff0000	#4df3ce	#cccccc	0.0	0.0	#8000ff	#8000ff
Gardnerella	121	Gardnerella	Prevotella	1.0	Posterior_fornix	Tongue_dorsum	Intertype	#4df3ce	#ff0000	#cccccc	0.0	0.0	#8000ff	#8000ff
Prevotella	122	Prevotella	Herbaspirillum	1.0	Tongue_dorsum	Posterior_fornix	Intertype	#ff0000	#4df3ce	#cccccc	0.0	0.0	#8000ff	#8000ff
Herbaspirillum	123	Herbaspirillum	Prevotella	1.0	Posterior_fornix	Tongue_dorsum	Intertype	#4df3ce	#ff0000	#cccccc	0.0	0.0	#8000ff	#8000ff
Prevotella	124	Prevotella	Lactobacillus	1.0	Tongue_dorsum	Posterior_fornix	Intertype	#ff0000	#4df3ce	#cccccc	0.0	0.0	#8000ff	#8000ff
Lactobacillus	125	Lactobacillus	Prevotella	1.0	Posterior_fornix	Tongue_dorsum	Intertype	#4df3ce	#ff0000	#cccccc	0.0	0.0	#8000ff	#8000ff
Prevotella	126	Prevotella	Mycobacterium	1.0	Tongue_dorsum	Posterior_fornix	Intertype	#ff0000	#4df3ce	#cccccc	0.0	0.0	#8000ff	#8000ff
Mycobacterium	127	Mycobacterium	Prevotella	1.0	Posterior_fornix	Tongue_dorsum	Intertype	#4df3ce	#ff0000	#cccccc	0.0	0.0	#8000ff	#8000ff
Prevotella	128	Prevotella	Nocardia	1.0	Tongue_dorsum	Posterior_fornix	Intertype	#ff0000	#4df3ce	#cccccc	0.0	0.0	#8000ff	#8000ff
Nocardia	129	Nocardia	Prevotella	1.0	Posterior_fornix	Tongue_dorsum	Intertype	#4df3ce	#ff0000	#cccccc	0.0	0.0	#8000ff	#8000ff
Prevotella	130	Prevotella	Peptoniphilus	1.0	Tongue_dorsum	Anterior_nares	Intertype	#ff0000	#8000ff	#cccccc	0.0	0.0	#8000ff	#8000ff
Peptoniphilus	131	Peptoniphilus	Prevotella	1.0	Anterior_nares	Tongue_dorsum	Intertype	#8000ff	#ff0000	#cccccc	0.0	0.0	#8000ff	#8000ff
Propionibacterium	132	Propionibacterium	Bacteroides	1.0	Anterior_nares	Stool	Intertype	#8000ff	#b2f396	#cccccc	0.0	0.0	#8000ff	#8000ff
Bacteroides	133	Bacteroides	Propionibacterium	1.0	Stool	Anterior_nares	Intertype	#b2f396	#8000ff	#cccccc	0.0	0.0	#8000ff	#8000ff
Propionibacterium	134	Propionibacterium	Comamonas	1.0	Anterior_nares	Buccal_mucosa	Intertype	#8000ff	#1996f3	#cccccc	0.0	0.0	#8000ff	#8000ff
Comamonas	135	Comamonas	Propionibacterium	1.0	Buccal_mucosa	Anterior_nares	Intertype	#1996f3	#8000ff	#cccccc	0.0	0.0	#8000ff	#8000ff
Propionibacterium	136	Propionibacterium	Corynebacterium	1.0	Anterior_nares	Supragingival_plaque	Intertype	#8000ff	#ff964f	#cccccc	0.0	0.0	#8000ff	#8000ff
Corynebacterium	137	Corynebacterium	Propionibacterium	1.0	Supragingival_plaque	Anterior_nares	Intertype	#ff964f	#8000ff	#cccccc	0.0	0.0	#8000ff	#8000ff
Propionibacterium	138	Propionibacterium	Cupriavidus	1.0	Anterior_nares	Posterior_fornix	Intertype	#8000ff	#4df3ce	#cccccc	0.0	0.0	#8000ff	#8000ff
Cupriavidus	139	Cupriavidus	Propionibacterium	1.0	Posterior_fornix	Anterior_nares	Intertype	#4df3ce	#8000ff	#cccccc	0.0	0.0	#8000ff	#8000ff
Propionibacterium	140	Propionibacterium	Finegoldia	1.0	Anterior_nares	Anterior_nares	Anterior_nares	#8000ff	#8000ff	#8000ff	0.0	0.0	#8000ff	#8000ff
Finegoldia	141	Finegoldia	Propionibacterium	1.0	Anterior_nares	Anterior_nares	Anterior_nares	#8000ff	#8000ff	#8000ff	0.0	0.0	#8000ff	#8000ff
Propionibacterium	142	Propionibacterium	Gardnerella	1.0	Anterior_nares	Posterior_fornix	Intertype	#8000ff	#4df3ce	#cccccc	0.0	0.0	#8000ff	#8000ff
Gardnerella	143	Gardnerella	Propionibacterium	1.0	Posterior_fornix	Anterior_nares	Intertype	#4df3ce	#8000ff	#cccccc	0.0	0.0	#8000ff	#8000ff
Propionibacterium	144	Propionibacterium	Herbaspirillum	1.0	Anterior_nares	Posterior_fornix	Intertype	#8000ff	#4df3ce	#cccccc	0.0	0.0	#8000ff	#8000ff
Herbaspirillum	145	Herbaspirillum	Propionibacterium	1.0	Posterior_fornix	Anterior_nares	Intertype	#4df3ce	#8000ff	#cccccc	0.0	0.0	#8000ff	#8000ff
Propionibacterium	146	Propionibacterium	Lactobacillus	1.0	Anterior_nares	Posterior_fornix	Intertype	#8000ff	#4df3ce	#cccccc	0.0	0.0	#8000ff	#8000ff
Lactobacillus	147	Lactobacillus	Propionibacterium	1.0	Posterior_fornix	Anterior_nares	Intertype	#4df3ce	#8000ff	#cccccc	0.0	0.0	#8000ff	#8000ff
Propionibacterium	148	Propionibacterium	Mycobacterium	1.0	Anterior_nares	Posterior_fornix	Intertype	#8000ff	#4df3ce	#cccccc	0.0	0.0	#8000ff	#8000ff
Mycobacterium	149	Mycobacterium	Propionibacterium	1.0	Posterior_fornix	Anterior_nares	Intertype	#4df3ce	#8000ff	#cccccc	0.0	0.0	#8000ff	#8000ff
Propionibacterium	150	Propionibacterium	Nocardia	1.0	Anterior_nares	Posterior_fornix	Intertype	#8000ff	#4df3ce	#cccccc	0.0	0.0	#8000ff	#8000ff
Nocardia	151	Nocardia	Propionibacterium	1.0	Posterior_fornix	Anterior_nares	Intertype	#4df3ce	#8000ff	#cccccc	0.0	0.0	#8000ff	#8000ff
Propionibacterium	152	Propionibacterium	Peptoniphilus	1.0	Anterior_nares	Anterior_nares	Anterior_nares	#8000ff	#8000ff	#8000ff	0.0	0.0	#8000ff	#8000ff
Peptoniphilus	153	Peptoniphilus	Propionibacterium	1.0	Anterior_nares	Anterior_nares	Anterior_nares	#8000ff	#8000ff	#8000ff	0.0	0.0	#8000ff	#8000ff
Propionibacterium	154	Propionibacterium	Prevotella	1.0	Anterior_nares	Tongue_dorsum	Intertype	#8000ff	#ff0000	#cccccc	0.0	0.0	#8000ff	#8000ff
Prevotella	155	Prevotella	Propionibacterium	1.0	Tongue_dorsum	Anterior_nares	Intertype	#ff0000	#8000ff	#cccccc	0.0	0.0	#8000ff	#8000ff
Pseudomonas	156	Pseudomonas	Bacteroides	1.0	Posterior_fornix	Stool	Intertype	#4df3ce	#b2f396	#cccccc	0.0	0.0	#8000ff	#8000ff
Bacteroides	157	Bacteroides	Pseudomonas	1.0	Stool	Posterior_fornix	Intertype	#b2f396	#4df3ce	#cccccc	0.0	0.0	#8000ff	#8000ff
Pseudomonas	158	Pseudomonas	Comamonas	1.0	Posterior_fornix	Buccal_mucosa	Intertype	#4df3ce	#1996f3	#cccccc	0.0	0.0	#8000ff	#8000ff
Comamonas	159	Comamonas	Pseudomonas	1.0	Buccal_mucosa	Posterior_fornix	Intertype	#1996f3	#4df3ce	#cccccc	0.0	0.0	#8000ff	#8000ff
Pseudomonas	160	Pseudomonas	Corynebacterium	1.0	Posterior_fornix	Supragingival_plaque	Intertype	#4df3ce	#ff964f	#cccccc	0.0	0.0	#8000ff	#8000ff
Corynebacterium	161	Corynebacterium	Pseudomonas	1.0	Supragingival_plaque	Posterior_fornix	Intertype	#ff964f	#4df3ce	#cccccc	0.0	0.0	#8000ff	#8000ff
Pseudomonas	162	Pseudomonas	Cupriavidus	1.0	Posterior_fornix	Posterior_fornix	Posterior_fornix	#4df3ce	#4df3ce	#4df3ce	0.0	0.0	#8000ff	#8000ff
Cupriavidus	163	Cupriavidus	Pseudomonas	1.0	Posterior_fornix	Posterior_fornix	Posterior_fornix	#4df3ce	#4df3ce	#4df3ce	0.0	0.0	#8000ff	#8000ff
Pseudomonas	164	Pseudomonas	Finegoldia	1.0	Posterior_fornix	Anterior_nares	Intertype	#4df3ce	#8000ff	#cccccc	0.0	0.0	#8000ff	#8000ff
Finegoldia	165	Finegoldia	Pseudomonas	1.0	Anterior_nares	Posterior_fornix	Intertype	#8000ff	#4df3ce	#cccccc	0.0	0.0	#8000ff	#8000ff
Pseudomonas	166	Pseudomonas	Gardnerella	1.0	Posterior_fornix	Posterior_fornix	Posterior_fornix	#4df3ce	#4df3ce	#4df3ce	0.0	0.0	#8000ff	#8000ff
Gardnerella	167	Gardnerella	Pseudomonas	1.0	Posterior_fornix	Posterior_fornix	Posterior_fornix	#4df3ce	#4df3ce	#4df3ce	0.0	0.0	#8000ff	#8000ff
Pseudomonas	168	Pseudomonas	Herbaspirillum	1.0	Posterior_fornix	Posterior_fornix	Posterior_fornix	#4df3ce	#4df3ce	#4df3ce	0.0	0.0	#8000ff	#8000ff
Herbaspirillum	169	Herbaspirillum	Pseudomonas	1.0	Posterior_fornix	Posterior_fornix	Posterior_fornix	#4df3ce	#4df3ce	#4df3ce	0.0	0.0	#8000ff	#8000ff
Pseudomonas	170	Pseudomonas	Lactobacillus	1.0	Posterior_fornix	Posterior_fornix	Posterior_fornix	#4df3ce	#4df3ce	#4df3ce	0.0	0.0	#8000ff	#8000ff
Lactobacillus	171	Lactobacillus	Pseudomonas	1.0	Posterior_fornix	Posterior_fornix	Posterior_fornix	#4df3ce	#4df3ce	#4df3ce	0.0	0.0	#8000ff	#8000ff
Pseudomonas	172	Pseudomonas	Mycobacterium	1.0	Posterior_fornix	Posterior_fornix	Posterior_fornix	#4df3ce	#4df3ce	#4df3ce	0.0	0.0	#8000ff	#8000ff
Mycobacterium	173	Mycobacterium	Pseudomonas	1.0	Posterior_fornix	Posterior_fornix	Posterior_fornix	#4df3ce	#4df3ce	#4df3ce	0.0	0.0	#8000ff	#8000ff
Pseudomonas	174	Pseudomonas	Nocardia	1.0	Posterior_fornix	Posterior_fornix	Posterior_fornix	#4df3ce	#4df3ce	#4df3ce	0.0	0.0	#8000ff	#8000ff
Nocardia	175	Nocardia	Pseudomonas	1.0	Posterior_fornix	Posterior_fornix	Posterior_fornix	#4df3ce	#4df3ce	#4df3ce	0.0	0.0	#8000ff	#8000ff
Pseudomonas	176	Pseudomonas	Peptoniphilus	1.0	Posterior_fornix	Anterior_nares	Intertype	#4df3ce	#8000ff	#cccccc	0.0	0.0	#8000ff	#8000ff
Peptoniphilus	177	Peptoniphilus	Pseudomonas	1.0	Anterior_nares	Posterior_fornix	Intertype	#8000ff	#4df3ce	#cccccc	0.0	0.0	#8000ff	#8000ff
Pseudomonas	178	Pseudomonas	Prevotella	1.0	Posterior_fornix	Tongue_dorsum	Intertype	#4df3ce	#ff0000	#cccccc	0.0	0.0	#8000ff	#8000ff
Prevotella	179	Prevotella	Pseudomonas	1.0	Tongue_dorsum	Posterior_fornix	Intertype	#ff0000	#4df3ce	#cccccc	0.0	0.0	#8000ff	#8000ff
Pseudomonas	180	Pseudomonas	Propionibacterium	1.0	Posterior_fornix	Anterior_nares	Intertype	#4df3ce	#8000ff	#cccccc	0.0	0.0	#8000ff	#8000ff
Propionibacterium	181	Propionibacterium	Pseudomonas	1.0	Anterior_nares	Posterior_fornix	Intertype	#8000ff	#4df3ce	#cccccc	0.0	0.0	#8000ff	#8000ff
Sphingobium	182	Sphingobium	Bacteroides	1.0	Anterior_nares	Stool	Intertype	#8000ff	#b2f396	#cccccc	0.0	0.0	#8000ff	#8000ff
Bacteroides	183	Bacteroides	Sphingobium	1.0	Stool	Anterior_nares	Intertype	#b2f396	#8000ff	#cccccc	0.0	0.0	#8000ff	#8000ff
Sphingobium	184	Sphingobium	Comamonas	1.0	Anterior_nares	Buccal_mucosa	Intertype	#8000ff	#1996f3	#cccccc	0.0	0.0	#8000ff	#8000ff
Comamonas	185	Comamonas	Sphingobium	1.0	Buccal_mucosa	Anterior_nares	Intertype	#1996f3	#8000ff	#cccccc	0.0	0.0	#8000ff	#8000ff
Sphingobium	186	Sphingobium	Corynebacterium	1.0	Anterior_nares	Supragingival_plaque	Intertype	#8000ff	#ff964f	#cccccc	0.0	0.0	#8000ff	#8000ff
Corynebacterium	187	Corynebacterium	Sphingobium	1.0	Supragingival_plaque	Anterior_nares	Intertype	#ff964f	#8000ff	#cccccc	0.0	0.0	#8000ff	#8000ff
Sphingobium	188	Sphingobium	Cupriavidus	1.0	Anterior_nares	Posterior_fornix	Intertype	#8000ff	#4df3ce	#cccccc	0.0	0.0	#8000ff	#8000ff
Cupriavidus	189	Cupriavidus	Sphingobium	1.0	Posterior_fornix	Anterior_nares	Intertype	#4df3ce	#8000ff	#cccccc	0.0	0.0	#8000ff	#8000ff
Sphingobium	190	Sphingobium	Finegoldia	1.0	Anterior_nares	Anterior_nares	Anterior_nares	#8000ff	#8000ff	#8000ff	0.0	0.0	#8000ff	#8000ff
Finegoldia	191	Finegoldia	Sphingobium	1.0	Anterior_nares	Anterior_nares	Anterior_nares	#8000ff	#8000ff	#8000ff	0.0	0.0	#8000ff	#8000ff
Sphingobium	192	Sphingobium	Gardnerella	1.0	Anterior_nares	Posterior_fornix	Intertype	#8000ff	#4df3ce	#cccccc	0.0	0.0	#8000ff	#8000ff
Gardnerella	193	Gardnerella	Sphingobium	1.0	Posterior_fornix	Anterior_nares	Intertype	#4df3ce	#8000ff	#cccccc	0.0	0.0	#8000ff	#8000ff
Sphingobium	194	Sphingobium	Herbaspirillum	1.0	Anterior_nares	Posterior_fornix	Intertype	#8000ff	#4df3ce	#cccccc	0.0	0.0	#8000ff	#8000ff
Herbaspirillum	195	Herbaspirillum	Sphingobium	1.0	Posterior_fornix	Anterior_nares	Intertype	#4df3ce	#8000ff	#cccccc	0.0	0.0	#8000ff	#8000ff
Sphingobium	196	Sphingobium	Lactobacillus	1.0	Anterior_nares	Posterior_fornix	Intertype	#8000ff	#4df3ce	#cccccc	0.0	0.0	#8000ff	#8000ff
Lactobacillus	197	Lactobacillus	Sphingobium	1.0	Posterior_fornix	Anterior_nares	Intertype	#4df3ce	#8000ff	#cccccc	0.0	0.0	#8000ff	#8000ff
Sphingobium	198	Sphingobium	Mycobacterium	1.0	Anterior_nares	Posterior_fornix	Intertype	#8000ff	#4df3ce	#cccccc	0.0	0.0	#8000ff	#8000ff
Mycobacterium	199	Mycobacterium	Sphingobium	1.0	Posterior_fornix	Anterior_nares	Intertype	#4df3ce	#8000ff	#cccccc	0.0	0.0	#8000ff	#8000ff
Sphingobium	200	Sphingobium	Nocardia	1.0	Anterior_nares	Posterior_fornix	Intertype	#8000ff	#4df3ce	#cccccc	0.0	0.0	#8000ff	#8000ff
Nocardia	201	Nocardia	Sphingobium	1.0	Posterior_fornix	Anterior_nares	Intertype	#4df3ce	#8000ff	#cccccc	0.0	0.0	#8000ff	#8000ff
Sphingobium	202	Sphingobium	Peptoniphilus	1.0	Anterior_nares	Anterior_nares	Anterior_nares	#8000ff	#8000ff	#8000ff	0.0	0.0	#8000ff	#8000ff
Peptoniphilus	203	Peptoniphilus	Sphingobium	1.0	Anterior_nares	Anterior_nares	Anterior_nares	#8000ff	#8000ff	#8000ff	0.0	0.0	#8000ff	#8000ff
Sphingobium	204	Sphingobium	Prevotella	1.0	Anterior_nares	Tongue_dorsum	Intertype	#8000ff	#ff0000	#cccccc	0.0	0.0	#8000ff	#8000ff
Prevotella	205	Prevotella	Sphingobium	1.0	Tongue_dorsum	Anterior_nares	Intertype	#ff0000	#8000ff	#cccccc	0.0	0.0	#8000ff	#8000ff
Sphingobium	206	Sphingobium	Propionibacterium	1.0	Anterior_nares	Anterior_nares	Anterior_nares	#8000ff	#8000ff	#8000ff	0.0	0.0	#8000ff	#8000ff
Propionibacterium	207	Propionibacterium	Sphingobium	1.0	Anterior_nares	Anterior_nares	Anterior_nares	#8000ff	#8000ff	#8000ff	0.0	0.0	#8000ff	#8000ff
Sphingobium	208	Sphingobium	Pseudomonas	1.0	Anterior_nares	Posterior_fornix	Intertype	#8000ff	#4df3ce	#cccccc	0.0	0.0	#8000ff	#8000ff
Pseudomonas	209	Pseudomonas	Sphingobium	1.0	Posterior_fornix	Anterior_nares	Intertype	#4df3ce	#8000ff	#cccccc	0.0	0.0	#8000ff	#8000ff
Sphingomonas	210	Sphingomonas	Bacteroides	1.0	Anterior_nares	Stool	Intertype	#8000ff	#b2f396	#cccccc	0.0	0.0	#8000ff	#8000ff
Bacteroides	211	Bacteroides	Sphingomonas	1.0	Stool	Anterior_nares	Intertype	#b2f396	#8000ff	#cccccc	0.0	0.0	#8000ff	#8000ff
Sphingomonas	212	Sphingomonas	Comamonas	1.0	Anterior_nares	Buccal_mucosa	Intertype	#8000ff	#1996f3	#cccccc	0.0	0.0	#8000ff	#8000ff
Comamonas	213	Comamonas	Sphingomonas	1.0	Buccal_mucosa	Anterior_nares	Intertype	#1996f3	#8000ff	#cccccc	0.0	0.0	#8000ff	#8000ff
Sphingomonas	214	Sphingomonas	Corynebacterium	1.0	Anterior_nares	Supragingival_plaque	Intertype	#8000ff	#ff964f	#cccccc	0.0	0.0	#8000ff	#8000ff
Corynebacterium	215	Corynebacterium	Sphingomonas	1.0	Supragingival_plaque	Anterior_nares	Intertype	#ff964f	#8000ff	#cccccc	0.0	0.0	#8000ff	#8000ff
Sphingomonas	216	Sphingomonas	Cupriavidus	1.0	Anterior_nares	Posterior_fornix	Intertype	#8000ff	#4df3ce	#cccccc	0.0	0.0	#8000ff	#8000ff
Cupriavidus	217	Cupriavidus	Sphingomonas	1.0	Posterior_fornix	Anterior_nares	Intertype	#4df3ce	#8000ff	#cccccc	0.0	0.0	#8000ff	#8000ff
Sphingomonas	218	Sphingomonas	Finegoldia	1.0	Anterior_nares	Anterior_nares	Anterior_nares	#8000ff	#8000ff	#8000ff	0.0	0.0	#8000ff	#8000ff
Finegoldia	219	Finegoldia	Sphingomonas	1.0	Anterior_nares	Anterior_nares	Anterior_nares	#8000ff	#8000ff	#8000ff	0.0	0.0	#8000ff	#8000ff
Sphingomonas	220	Sphingomonas	Gardnerella	1.0	Anterior_nares	Posterior_fornix	Intertype	#8000ff	#4df3ce	#cccccc	0.0	0.0	#8000ff	#8000ff
Gardnerella	221	Gardnerella	Sphingomonas	1.0	Posterior_fornix	Anterior_nares	Intertype	#4df3ce	#8000ff	#cccccc	0.0	0.0	#8000ff	#8000ff
Sphingomonas	222	Sphingomonas	Herbaspirillum	1.0	Anterior_nares	Posterior_fornix	Intertype	#8000ff	#4df3ce	#cccccc	0.0	0.0	#8000ff	#8000ff
Herbaspirillum	223	Herbaspirillum	Sphingomonas	1.0	Posterior_fornix	Anterior_nares	Intertype	#4df3ce	#8000ff	#cccccc	0.0	0.0	#8000ff	#8000ff
Sphingomonas	224	Sphingomonas	Lactobacillus	1.0	Anterior_nares	Posterior_fornix	Intertype	#8000ff	#4df3ce	#cccccc	0.0	0.0	#8000ff	#8000ff
Lactobacillus	225	Lactobacillus	Sphingomonas	1.0	Posterior_fornix	Anterior_nares	Intertype	#4df3ce	#8000ff	#cccccc	0.0	0.0	#8000ff	#8000ff
Sphingomonas	226	Sphingomonas	Mycobacterium	1.0	Anterior_nares	Posterior_fornix	Intertype	#8000ff	#4df3ce	#cccccc	0.0	0.0	#8000ff	#8000ff
Mycobacterium	227	Mycobacterium	Sphingomonas	1.0	Posterior_fornix	Anterior_nares	Intertype	#4df3ce	#8000ff	#cccccc	0.0	0.0	#8000ff	#8000ff
Sphingomonas	228	Sphingomonas	Nocardia	1.0	Anterior_nares	Posterior_fornix	Intertype	#8000ff	#4df3ce	#cccccc	0.0	0.0	#8000ff	#8000ff
Nocardia	229	Nocardia	Sphingomonas	1.0	Posterior_fornix	Anterior_nares	Intertype	#4df3ce	#8000ff	#cccccc	0.0	0.0	#8000ff	#8000ff
Sphingomonas	230	Sphingomonas	Peptoniphilus	1.0	Anterior_nares	Anterior_nares	Anterior_nares	#8000ff	#8000ff	#8000ff	0.0	0.0	#8000ff	#8000ff
Peptoniphilus	231	Peptoniphilus	Sphingomonas	1.0	Anterior_nares	Anterior_nares	Anterior_nares	#8000ff	#8000ff	#8000ff	0.0	0.0	#8000ff	#8000ff
Sphingomonas	232	Sphingomonas	Prevotella	1.0	Anterior_nares	Tongue_dorsum	Intertype	#8000ff	#ff0000	#cccccc	0.0	0.0	#8000ff	#8000ff
Prevotella	233	Prevotella	Sphingomonas	1.0	Tongue_dorsum	Anterior_nares	Intertype	#ff0000	#8000ff	#cccccc	0.0	0.0	#8000ff	#8000ff
Sphingomonas	234	Sphingomonas	Propionibacterium	1.0	Anterior_nares	Anterior_nares	Anterior_nares	#8000ff	#8000ff	#8000ff	0.0	0.0	#8000ff	#8000ff
Propionibacterium	235	Propionibacterium	Sphingomonas	1.0	Anterior_nares	Anterior_nares	Anterior_nares	#8000ff	#8000ff	#8000ff	0.0	0.0	#8000ff	#8000ff
Sphingomonas	236	Sphingomonas	Pseudomonas	1.0	Anterior_nares	Posterior_fornix	Intertype	#8000ff	#4df3ce	#cccccc	0.0	0.0	#8000ff	#8000ff
Pseudomonas	237	Pseudomonas	Sphingomonas	1.0	Posterior_fornix	Anterior_nares	Intertype	#4df3ce	#8000ff	#cccccc	0.0	0.0	#8000ff	#8000ff
Sphingomonas	238	Sphingomonas	Sphingobium	1.0	Anterior_nares	Anterior_nares	Anterior_nares	#8000ff	#8000ff	#8000ff	0.0	0.0	#8000ff	#8000ff
Sphingobium	239	Sphingobium	Sphingomonas	1.0	Anterior_nares	Anterior_nares	Anterior_nares	#8000ff	#8000ff	#8000ff	0.0	0.0	#8000ff	#8000ff
Sphingopyxis	240	Sphingopyxis	Bacteroides	1.0	Posterior_fornix	Stool	Intertype	#4df3ce	#b2f396	#cccccc	0.0	0.0	#8000ff	#8000ff
Bacteroides	241	Bacteroides	Sphingopyxis	1.0	Stool	Posterior_fornix	Intertype	#b2f396	#4df3ce	#cccccc	0.0	0.0	#8000ff	#8000ff
Sphingopyxis	242	Sphingopyxis	Comamonas	1.0	Posterior_fornix	Buccal_mucosa	Intertype	#4df3ce	#1996f3	#cccccc	0.0	0.0	#8000ff	#8000ff
Comamonas	243	Comamonas	Sphingopyxis	1.0	Buccal_mucosa	Posterior_fornix	Intertype	#1996f3	#4df3ce	#cccccc	0.0	0.0	#8000ff	#8000ff
Sphingopyxis	244	Sphingopyxis	Corynebacterium	1.0	Posterior_fornix	Supragingival_plaque	Intertype	#4df3ce	#ff964f	#cccccc	0.0	0.0	#8000ff	#8000ff
Corynebacterium	245	Corynebacterium	Sphingopyxis	1.0	Supragingival_plaque	Posterior_fornix	Intertype	#ff964f	#4df3ce	#cccccc	0.0	0.0	#8000ff	#8000ff
Sphingopyxis	246	Sphingopyxis	Cupriavidus	1.0	Posterior_fornix	Posterior_fornix	Posterior_fornix	#4df3ce	#4df3ce	#4df3ce	0.0	0.0	#8000ff	#8000ff
Cupriavidus	247	Cupriavidus	Sphingopyxis	1.0	Posterior_fornix	Posterior_fornix	Posterior_fornix	#4df3ce	#4df3ce	#4df3ce	0.0	0.0	#8000ff	#8000ff
Sphingopyxis	248	Sphingopyxis	Finegoldia	1.0	Posterior_fornix	Anterior_nares	Intertype	#4df3ce	#8000ff	#cccccc	0.0	0.0	#8000ff	#8000ff
Finegoldia	249	Finegoldia	Sphingopyxis	1.0	Anterior_nares	Posterior_fornix	Intertype	#8000ff	#4df3ce	#cccccc	0.0	0.0	#8000ff	#8000ff
Sphingopyxis	250	Sphingopyxis	Gardnerella	1.0	Posterior_fornix	Posterior_fornix	Posterior_fornix	#4df3ce	#4df3ce	#4df3ce	0.0	0.0	#8000ff	#8000ff
Gardnerella	251	Gardnerella	Sphingopyxis	1.0	Posterior_fornix	Posterior_fornix	Posterior_fornix	#4df3ce	#4df3ce	#4df3ce	0.0	0.0	#8000ff	#8000ff
Sphingopyxis	252	Sphingopyxis	Herbaspirillum	1.0	Posterior_fornix	Posterior_fornix	Posterior_fornix	#4df3ce	#4df3ce	#4df3ce	0.0	0.0	#8000ff	#8000ff
Herbaspirillum	253	Herbaspirillum	Sphingopyxis	1.0	Posterior_fornix	Posterior_fornix	Posterior_fornix	#4df3ce	#4df3ce	#4df3ce	0.0	0.0	#8000ff	#8000ff
Sphingopyxis	254	Sphingopyxis	Lactobacillus	1.0	Posterior_fornix	Posterior_fornix	Posterior_fornix	#4df3ce	#4df3ce	#4df3ce	0.0	0.0	#8000ff	#8000ff
Lactobacillus	255	Lactobacillus	Sphingopyxis	1.0	Posterior_fornix	Posterior_fornix	Posterior_fornix	#4df3ce	#4df3ce	#4df3ce	0.0	0.0	#8000ff	#8000ff
Sphingopyxis	256	Sphingopyxis	Mycobacterium	1.0	Posterior_fornix	Posterior_fornix	Posterior_fornix	#4df3ce	#4df3ce	#4df3ce	0.0	0.0	#8000ff	#8000ff
Mycobacterium	257	Mycobacterium	Sphingopyxis	1.0	Posterior_fornix	Posterior_fornix	Posterior_fornix	#4df3ce	#4df3ce	#4df3ce	0.0	0.0	#8000ff	#8000ff
Sphingopyxis	258	Sphingopyxis	Nocardia	1.0	Posterior_fornix	Posterior_fornix	Posterior_fornix	#4df3ce	#4df3ce	#4df3ce	0.0	0.0	#8000ff	#8000ff
Nocardia	259	Nocardia	Sphingopyxis	1.0	Posterior_fornix	Posterior_fornix	Posterior_fornix	#4df3ce	#4df3ce	#4df3ce	0.0	0.0	#8000ff	#8000ff
Sphingopyxis	260	Sphingopyxis	Peptoniphilus	1.0	Posterior_fornix	Anterior_nares	Intertype	#4df3ce	#8000ff	#cccccc	0.0	0.0	#8000ff	#8000ff
Peptoniphilus	261	Peptoniphilus	Sphingopyxis	1.0	Anterior_nares	Posterior_fornix	Intertype	#8000ff	#4df3ce	#cccccc	0.0	0.0	#8000ff	#8000ff
Sphingopyxis	262	Sphingopyxis	Prevotella	1.0	Posterior_fornix	Tongue_dorsum	Intertype	#4df3ce	#ff0000	#cccccc	0.0	0.0	#8000ff	#8000ff
Prevotella	263	Prevotella	Sphingopyxis	1.0	Tongue_dorsum	Posterior_fornix	Intertype	#ff0000	#4df3ce	#cccccc	0.0	0.0	#8000ff	#8000ff
Sphingopyxis	264	Sphingopyxis	Propionibacterium	1.0	Posterior_fornix	Anterior_nares	Intertype	#4df3ce	#8000ff	#cccccc	0.0	0.0	#8000ff	#8000ff
Propionibacterium	265	Propionibacterium	Sphingopyxis	1.0	Anterior_nares	Posterior_fornix	Intertype	#8000ff	#4df3ce	#cccccc	0.0	0.0	#8000ff	#8000ff
Sphingopyxis	266	Sphingopyxis	Pseudomonas	1.0	Posterior_fornix	Posterior_fornix	Posterior_fornix	#4df3ce	#4df3ce	#4df3ce	0.0	0.0	#8000ff	#8000ff
Pseudomonas	267	Pseudomonas	Sphingopyxis	1.0	Posterior_fornix	Posterior_fornix	Posterior_fornix	#4df3ce	#4df3ce	#4df3ce	0.0	0.0	#8000ff	#8000ff
Sphingopyxis	268	Sphingopyxis	Sphingobium	1.0	Posterior_fornix	Anterior_nares	Intertype	#4df3ce	#8000ff	#cccccc	0.0	0.0	#8000ff	#8000ff
Sphingobium	269	Sphingobium	Sphingopyxis	1.0	Anterior_nares	Posterior_fornix	Intertype	#8000ff	#4df3ce	#cccccc	0.0	0.0	#8000ff	#8000ff
Sphingopyxis	270	Sphingopyxis	Sphingomonas	1.0	Posterior_fornix	Anterior_nares	Intertype	#4df3ce	#8000ff	#cccccc	0.0	0.0	#8000ff	#8000ff
Sphingomonas	271	Sphingomonas	Sphingopyxis	1.0	Anterior_nares	Posterior_fornix	Intertype	#8000ff	#4df3ce	#cccccc	0.0	0.0	#8000ff	#8000ff
Stenotrophomonas	272	Stenotrophomonas	Bacteroides	1.0	Anterior_nares	Stool	Intertype	#8000ff	#b2f396	#cccccc	0.0	0.0	#8000ff	#8000ff
Bacteroides	273	Bacteroides	Stenotrophomonas	1.0	Stool	Anterior_nares	Intertype	#b2f396	#8000ff	#cccccc	0.0	0.0	#8000ff	#8000ff
Stenotrophomonas	274	Stenotrophomonas	Comamonas	1.0	Anterior_nares	Buccal_mucosa	Intertype	#8000ff	#1996f3	#cccccc	0.0	0.0	#8000ff	#8000ff
Comamonas	275	Comamonas	Stenotrophomonas	1.0	Buccal_mucosa	Anterior_nares	Intertype	#1996f3	#8000ff	#cccccc	0.0	0.0	#8000ff	#8000ff
Stenotrophomonas	276	Stenotrophomonas	Corynebacterium	1.0	Anterior_nares	Supragingival_plaque	Intertype	#8000ff	#ff964f	#cccccc	0.0	0.0	#8000ff	#8000ff
Corynebacterium	277	Corynebacterium	Stenotrophomonas	1.0	Supragingival_plaque	Anterior_nares	Intertype	#ff964f	#8000ff	#cccccc	0.0	0.0	#8000ff	#8000ff
Stenotrophomonas	278	Stenotrophomonas	Cupriavidus	1.0	Anterior_nares	Posterior_fornix	Intertype	#8000ff	#4df3ce	#cccccc	0.0	0.0	#8000ff	#8000ff
Cupriavidus	279	Cupriavidus	Stenotrophomonas	1.0	Posterior_fornix	Anterior_nares	Intertype	#4df3ce	#8000ff	#cccccc	0.0	0.0	#8000ff	#8000ff
Stenotrophomonas	280	Stenotrophomonas	Finegoldia	1.0	Anterior_nares	Anterior_nares	Anterior_nares	#8000ff	#8000ff	#8000ff	0.0	0.0	#8000ff	#8000ff
Finegoldia	281	Finegoldia	Stenotrophomonas	1.0	Anterior_nares	Anterior_nares	Anterior_nares	#8000ff	#8000ff	#8000ff	0.0	0.0	#8000ff	#8000ff
Stenotrophomonas	282	Stenotrophomonas	Gardnerella	1.0	Anterior_nares	Posterior_fornix	Intertype	#8000ff	#4df3ce	#cccccc	0.0	0.0	#8000ff	#8000ff
Gardnerella	283	Gardnerella	Stenotrophomonas	1.0	Posterior_fornix	Anterior_nares	Intertype	#4df3ce	#8000ff	#cccccc	0.0	0.0	#8000ff	#8000ff
Stenotrophomonas	284	Stenotrophomonas	Herbaspirillum	1.0	Anterior_nares	Posterior_fornix	Intertype	#8000ff	#4df3ce	#cccccc	0.0	0.0	#8000ff	#8000ff
Herbaspirillum	285	Herbaspirillum	Stenotrophomonas	1.0	Posterior_fornix	Anterior_nares	Intertype	#4df3ce	#8000ff	#cccccc	0.0	0.0	#8000ff	#8000ff
Stenotrophomonas	286	Stenotrophomonas	Lactobacillus	1.0	Anterior_nares	Posterior_fornix	Intertype	#8000ff	#4df3ce	#cccccc	0.0	0.0	#8000ff	#8000ff
Lactobacillus	287	Lactobacillus	Stenotrophomonas	1.0	Posterior_fornix	Anterior_nares	Intertype	#4df3ce	#8000ff	#cccccc	0.0	0.0	#8000ff	#8000ff
Stenotrophomonas	288	Stenotrophomonas	Mycobacterium	1.0	Anterior_nares	Posterior_fornix	Intertype	#8000ff	#4df3ce	#cccccc	0.0	0.0	#8000ff	#8000ff
Mycobacterium	289	Mycobacterium	Stenotrophomonas	1.0	Posterior_fornix	Anterior_nares	Intertype	#4df3ce	#8000ff	#cccccc	0.0	0.0	#8000ff	#8000ff
Stenotrophomonas	290	Stenotrophomonas	Nocardia	1.0	Anterior_nares	Posterior_fornix	Intertype	#8000ff	#4df3ce	#cccccc	0.0	0.0	#8000ff	#8000ff
Nocardia	291	Nocardia	Stenotrophomonas	1.0	Posterior_fornix	Anterior_nares	Intertype	#4df3ce	#8000ff	#cccccc	0.0	0.0	#8000ff	#8000ff
Stenotrophomonas	292	Stenotrophomonas	Peptoniphilus	1.0	Anterior_nares	Anterior_nares	Anterior_nares	#8000ff	#8000ff	#8000ff	0.0	0.0	#8000ff	#8000ff
Peptoniphilus	293	Peptoniphilus	Stenotrophomonas	1.0	Anterior_nares	Anterior_nares	Anterior_nares	#8000ff	#8000ff	#8000ff	0.0	0.0	#8000ff	#8000ff
Stenotrophomonas	294	Stenotrophomonas	Prevotella	1.0	Anterior_nares	Tongue_dorsum	Intertype	#8000ff	#ff0000	#cccccc	0.0	0.0	#8000ff	#8000ff
Prevotella	295	Prevotella	Stenotrophomonas	1.0	Tongue_dorsum	Anterior_nares	Intertype	#ff0000	#8000ff	#cccccc	0.0	0.0	#8000ff	#8000ff
Stenotrophomonas	296	Stenotrophomonas	Propionibacterium	1.0	Anterior_nares	Anterior_nares	Anterior_nares	#8000ff	#8000ff	#8000ff	0.0	0.0	#8000ff	#8000ff
Propionibacterium	297	Propionibacterium	Stenotrophomonas	1.0	Anterior_nares	Anterior_nares	Anterior_nares	#8000ff	#8000ff	#8000ff	0.0	0.0	#8000ff	#8000ff
Stenotrophomonas	298	Stenotrophomonas	Pseudomonas	1.0	Anterior_nares	Posterior_fornix	Intertype	#8000ff	#4df3ce	#cccccc	0.0	0.0	#8000ff	#8000ff
Pseudomonas	299	Pseudomonas	Stenotrophomonas	1.0	Posterior_fornix	Anterior_nares	Intertype	#4df3ce	#8000ff	#cccccc	0.0	0.0	#8000ff	#8000ff
Stenotrophomonas	300	Stenotrophomonas	Sphingobium	1.0	Anterior_nares	Anterior_nares	Anterior_nares	#8000ff	#8000ff	#8000ff	0.0	0.0	#8000ff	#8000ff
Sphingobium	301	Sphingobium	Stenotrophomonas	1.0	Anterior_nares	Anterior_nares	Anterior_nares	#8000ff	#8000ff	#8000ff	0.0	0.0	#8000ff	#8000ff
Stenotrophomonas	302	Stenotrophomonas	Sphingomonas	1.0	Anterior_nares	Anterior_nares	Anterior_nares	#8000ff	#8000ff	#8000ff	0.0	0.0	#8000ff	#8000ff
Sphingomonas	303	Sphingomonas	Stenotrophomonas	1.0	Anterior_nares	Anterior_nares	Anterior_nares	#8000ff	#8000ff	#8000ff	0.0	0.0	#8000ff	#8000ff
Stenotrophomonas	304	Stenotrophomonas	Sphingopyxis	1.0	Anterior_nares	Posterior_fornix	Intertype	#8000ff	#4df3ce	#cccccc	0.0	0.0	#8000ff	#8000ff
Sphingopyxis	305	Sphingopyxis	Stenotrophomonas	1.0	Posterior_fornix	Anterior_nares	Intertype	#4df3ce	#8000ff	#cccccc	0.0	0.0	#8000ff	#8000ff
Streptococcus	306	Streptococcus	Bacteroides	1.0	Buccal_mucosa	Stool	Intertype	#1996f3	#b2f396	#cccccc	0.0	0.0	#8000ff	#8000ff
Bacteroides	307	Bacteroides	Streptococcus	1.0	Stool	Buccal_mucosa	Intertype	#b2f396	#1996f3	#cccccc	0.0	0.0	#8000ff	#8000ff
Streptococcus	308	Streptococcus	Comamonas	1.0	Buccal_mucosa	Buccal_mucosa	Buccal_mucosa	#1996f3	#1996f3	#1996f3	0.0	0.0	#8000ff	#8000ff
Comamonas	309	Comamonas	Streptococcus	1.0	Buccal_mucosa	Buccal_mucosa	Buccal_mucosa	#1996f3	#1996f3	#1996f3	0.0	0.0	#8000ff	#8000ff
Streptococcus	310	Streptococcus	Corynebacterium	1.0	Buccal_mucosa	Supragingival_plaque	Intertype	#1996f3	#ff964f	#cccccc	0.0	0.0	#8000ff	#8000ff
Corynebacterium	311	Corynebacterium	Streptococcus	1.0	Supragingival_plaque	Buccal_mucosa	Intertype	#ff964f	#1996f3	#cccccc	0.0	0.0	#8000ff	#8000ff
Streptococcus	312	Streptococcus	Cupriavidus	1.0	Buccal_mucosa	Posterior_fornix	Intertype	#1996f3	#4df3ce	#cccccc	0.0	0.0	#8000ff	#8000ff
Cupriavidus	313	Cupriavidus	Streptococcus	1.0	Posterior_fornix	Buccal_mucosa	Intertype	#4df3ce	#1996f3	#cccccc	0.0	0.0	#8000ff	#8000ff
Streptococcus	314	Streptococcus	Finegoldia	1.0	Buccal_mucosa	Anterior_nares	Intertype	#1996f3	#8000ff	#cccccc	0.0	0.0	#8000ff	#8000ff
Finegoldia	315	Finegoldia	Streptococcus	1.0	Anterior_nares	Buccal_mucosa	Intertype	#8000ff	#1996f3	#cccccc	0.0	0.0	#8000ff	#8000ff
Streptococcus	316	Streptococcus	Gardnerella	1.0	Buccal_mucosa	Posterior_fornix	Intertype	#1996f3	#4df3ce	#cccccc	0.0	0.0	#8000ff	#8000ff
Gardnerella	317	Gardnerella	Streptococcus	1.0	Posterior_fornix	Buccal_mucosa	Intertype	#4df3ce	#1996f3	#cccccc	0.0	0.0	#8000ff	#8000ff
Streptococcus	318	Streptococcus	Herbaspirillum	1.0	Buccal_mucosa	Posterior_fornix	Intertype	#1996f3	#4df3ce	#cccccc	0.0	0.0	#8000ff	#8000ff
Herbaspirillum	319	Herbaspirillum	Streptococcus	1.0	Posterior_fornix	Buccal_mucosa	Intertype	#4df3ce	#1996f3	#cccccc	0.0	0.0	#8000ff	#8000ff
Streptococcus	320	Streptococcus	Lactobacillus	1.0	Buccal_mucosa	Posterior_fornix	Intertype	#1996f3	#4df3ce	#cccccc	0.0	0.0	#8000ff	#8000ff
Lactobacillus	321	Lactobacillus	Streptococcus	1.0	Posterior_fornix	Buccal_mucosa	Intertype	#4df3ce	#1996f3	#cccccc	0.0	0.0	#8000ff	#8000ff
Streptococcus	322	Streptococcus	Mycobacterium	1.0	Buccal_mucosa	Posterior_fornix	Intertype	#1996f3	#4df3ce	#cccccc	0.0	0.0	#8000ff	#8000ff
Mycobacterium	323	Mycobacterium	Streptococcus	1.0	Posterior_fornix	Buccal_mucosa	Intertype	#4df3ce	#1996f3	#cccccc	0.0	0.0	#8000ff	#8000ff
Streptococcus	324	Streptococcus	Nocardia	1.0	Buccal_mucosa	Posterior_fornix	Intertype	#1996f3	#4df3ce	#cccccc	0.0	0.0	#8000ff	#8000ff
Nocardia	325	Nocardia	Streptococcus	1.0	Posterior_fornix	Buccal_mucosa	Intertype	#4df3ce	#1996f3	#cccccc	0.0	0.0	#8000ff	#8000ff
Streptococcus	326	Streptococcus	Peptoniphilus	1.0	Buccal_mucosa	Anterior_nares	Intertype	#1996f3	#8000ff	#cccccc	0.0	0.0	#8000ff	#8000ff
Peptoniphilus	327	Peptoniphilus	Streptococcus	1.0	Anterior_nares	Buccal_mucosa	Intertype	#8000ff	#1996f3	#cccccc	0.0	0.0	#8000ff	#8000ff
Streptococcus	328	Streptococcus	Prevotella	1.0	Buccal_mucosa	Tongue_dorsum	Intertype	#1996f3	#ff0000	#cccccc	0.0	0.0	#8000ff	#8000ff
Prevotella	329	Prevotella	Streptococcus	1.0	Tongue_dorsum	Buccal_mucosa	Intertype	#ff0000	#1996f3	#cccccc	0.0	0.0	#8000ff	#8000ff
Streptococcus	330	Streptococcus	Propionibacterium	1.0	Buccal_mucosa	Anterior_nares	Intertype	#1996f3	#8000ff	#cccccc	0.0	0.0	#8000ff	#8000ff
Propionibacterium	331	Propionibacterium	Streptococcus	1.0	Anterior_nares	Buccal_mucosa	Intertype	#8000ff	#1996f3	#cccccc	0.0	0.0	#8000ff	#8000ff
Streptococcus	332	Streptococcus	Pseudomonas	1.0	Buccal_mucosa	Posterior_fornix	Intertype	#1996f3	#4df3ce	#cccccc	0.0	0.0	#8000ff	#8000ff
Pseudomonas	333	Pseudomonas	Streptococcus	1.0	Posterior_fornix	Buccal_mucosa	Intertype	#4df3ce	#1996f3	#cccccc	0.0	0.0	#8000ff	#8000ff
Streptococcus	334	Streptococcus	Sphingobium	1.0	Buccal_mucosa	Anterior_nares	Intertype	#1996f3	#8000ff	#cccccc	0.0	0.0	#8000ff	#8000ff
Sphingobium	335	Sphingobium	Streptococcus	1.0	Anterior_nares	Buccal_mucosa	Intertype	#8000ff	#1996f3	#cccccc	0.0	0.0	#8000ff	#8000ff
Streptococcus	336	Streptococcus	Sphingomonas	1.0	Buccal_mucosa	Anterior_nares	Intertype	#1996f3	#8000ff	#cccccc	0.0	0.0	#8000ff	#8000ff
Sphingomonas	337	Sphingomonas	Streptococcus	1.0	Anterior_nares	Buccal_mucosa	Intertype	#8000ff	#1996f3	#cccccc	0.0	0.0	#8000ff	#8000ff
Streptococcus	338	Streptococcus	Sphingopyxis	1.0	Buccal_mucosa	Posterior_fornix	Intertype	#1996f3	#4df3ce	#cccccc	0.0	0.0	#8000ff	#8000ff
Sphingopyxis	339	Sphingopyxis	Streptococcus	1.0	Posterior_fornix	Buccal_mucosa	Intertype	#4df3ce	#1996f3	#cccccc	0.0	0.0	#8000ff	#8000ff
Streptococcus	340	Streptococcus	Stenotrophomonas	1.0	Buccal_mucosa	Anterior_nares	Intertype	#1996f3	#8000ff	#cccccc	0.0	0.0	#8000ff	#8000ff
Stenotrophomonas	341	Stenotrophomonas	Streptococcus	1.0	Anterior_nares	Buccal_mucosa	Intertype	#8000ff	#1996f3	#cccccc	0.0	0.0	#8000ff	#8000ff
Ureaplasma	342	Ureaplasma	Bacteroides	1.0	Posterior_fornix	Stool	Intertype	#4df3ce	#b2f396	#cccccc	0.0	0.0	#8000ff	#8000ff
Bacteroides	343	Bacteroides	Ureaplasma	1.0	Stool	Posterior_fornix	Intertype	#b2f396	#4df3ce	#cccccc	0.0	0.0	#8000ff	#8000ff
Ureaplasma	344	Ureaplasma	Comamonas	1.0	Posterior_fornix	Buccal_mucosa	Intertype	#4df3ce	#1996f3	#cccccc	0.0	0.0	#8000ff	#8000ff
Comamonas	345	Comamonas	Ureaplasma	1.0	Buccal_mucosa	Posterior_fornix	Intertype	#1996f3	#4df3ce	#cccccc	0.0	0.0	#8000ff	#8000ff
Ureaplasma	346	Ureaplasma	Corynebacterium	1.0	Posterior_fornix	Supragingival_plaque	Intertype	#4df3ce	#ff964f	#cccccc	0.0	0.0	#8000ff	#8000ff
Corynebacterium	347	Corynebacterium	Ureaplasma	1.0	Supragingival_plaque	Posterior_fornix	Intertype	#ff964f	#4df3ce	#cccccc	0.0	0.0	#8000ff	#8000ff
Ureaplasma	348	Ureaplasma	Cupriavidus	1.0	Posterior_fornix	Posterior_fornix	Posterior_fornix	#4df3ce	#4df3ce	#4df3ce	0.0	0.0	#8000ff	#8000ff
Cupriavidus	349	Cupriavidus	Ureaplasma	1.0	Posterior_fornix	Posterior_fornix	Posterior_fornix	#4df3ce	#4df3ce	#4df3ce	0.0	0.0	#8000ff	#8000ff
Ureaplasma	350	Ureaplasma	Finegoldia	1.0	Posterior_fornix	Anterior_nares	Intertype	#4df3ce	#8000ff	#cccccc	0.0	0.0	#8000ff	#8000ff
Finegoldia	351	Finegoldia	Ureaplasma	1.0	Anterior_nares	Posterior_fornix	Intertype	#8000ff	#4df3ce	#cccccc	0.0	0.0	#8000ff	#8000ff
Ureaplasma	352	Ureaplasma	Gardnerella	1.0	Posterior_fornix	Posterior_fornix	Posterior_fornix	#4df3ce	#4df3ce	#4df3ce	0.0	0.0	#8000ff	#8000ff
Gardnerella	353	Gardnerella	Ureaplasma	1.0	Posterior_fornix	Posterior_fornix	Posterior_fornix	#4df3ce	#4df3ce	#4df3ce	0.0	0.0	#8000ff	#8000ff
Ureaplasma	354	Ureaplasma	Herbaspirillum	1.0	Posterior_fornix	Posterior_fornix	Posterior_fornix	#4df3ce	#4df3ce	#4df3ce	0.0	0.0	#8000ff	#8000ff
Herbaspirillum	355	Herbaspirillum	Ureaplasma	1.0	Posterior_fornix	Posterior_fornix	Posterior_fornix	#4df3ce	#4df3ce	#4df3ce	0.0	0.0	#8000ff	#8000ff
Ureaplasma	356	Ureaplasma	Lactobacillus	1.0	Posterior_fornix	Posterior_fornix	Posterior_fornix	#4df3ce	#4df3ce	#4df3ce	0.0	0.0	#8000ff	#8000ff
Lactobacillus	357	Lactobacillus	Ureaplasma	1.0	Posterior_fornix	Posterior_fornix	Posterior_fornix	#4df3ce	#4df3ce	#4df3ce	0.0	0.0	#8000ff	#8000ff
Ureaplasma	358	Ureaplasma	Mycobacterium	1.0	Posterior_fornix	Posterior_fornix	Posterior_fornix	#4df3ce	#4df3ce	#4df3ce	0.0	0.0	#8000ff	#8000ff
Mycobacterium	359	Mycobacterium	Ureaplasma	1.0	Posterior_fornix	Posterior_fornix	Posterior_fornix	#4df3ce	#4df3ce	#4df3ce	0.0	0.0	#8000ff	#8000ff
Ureaplasma	360	Ureaplasma	Nocardia	1.0	Posterior_fornix	Posterior_fornix	Posterior_fornix	#4df3ce	#4df3ce	#4df3ce	0.0	0.0	#8000ff	#8000ff
Nocardia	361	Nocardia	Ureaplasma	1.0	Posterior_fornix	Posterior_fornix	Posterior_fornix	#4df3ce	#4df3ce	#4df3ce	0.0	0.0	#8000ff	#8000ff
Ureaplasma	362	Ureaplasma	Peptoniphilus	1.0	Posterior_fornix	Anterior_nares	Intertype	#4df3ce	#8000ff	#cccccc	0.0	0.0	#8000ff	#8000ff
Peptoniphilus	363	Peptoniphilus	Ureaplasma	1.0	Anterior_nares	Posterior_fornix	Intertype	#8000ff	#4df3ce	#cccccc	0.0	0.0	#8000ff	#8000ff
Ureaplasma	364	Ureaplasma	Prevotella	1.0	Posterior_fornix	Tongue_dorsum	Intertype	#4df3ce	#ff0000	#cccccc	0.0	0.0	#8000ff	#8000ff
Prevotella	365	Prevotella	Ureaplasma	1.0	Tongue_dorsum	Posterior_fornix	Intertype	#ff0000	#4df3ce	#cccccc	0.0	0.0	#8000ff	#8000ff
Ureaplasma	366	Ureaplasma	Propionibacterium	1.0	Posterior_fornix	Anterior_nares	Intertype	#4df3ce	#8000ff	#cccccc	0.0	0.0	#8000ff	#8000ff
Propionibacterium	367	Propionibacterium	Ureaplasma	1.0	Anterior_nares	Posterior_fornix	Intertype	#8000ff	#4df3ce	#cccccc	0.0	0.0	#8000ff	#8000ff
Ureaplasma	368	Ureaplasma	Pseudomonas	1.0	Posterior_fornix	Posterior_fornix	Posterior_fornix	#4df3ce	#4df3ce	#4df3ce	0.0	0.0	#8000ff	#8000ff
Pseudomonas	369	Pseudomonas	Ureaplasma	1.0	Posterior_fornix	Posterior_fornix	Posterior_fornix	#4df3ce	#4df3ce	#4df3ce	0.0	0.0	#8000ff	#8000ff
Ureaplasma	370	Ureaplasma	Sphingobium	1.0	Posterior_fornix	Anterior_nares	Intertype	#4df3ce	#8000ff	#cccccc	0.0	0.0	#8000ff	#8000ff
Sphingobium	371	Sphingobium	Ureaplasma	1.0	Anterior_nares	Posterior_fornix	Intertype	#8000ff	#4df3ce	#cccccc	0.0	0.0	#8000ff	#8000ff
Ureaplasma	372	Ureaplasma	Sphingomonas	1.0	Posterior_fornix	Anterior_nares	Intertype	#4df3ce	#8000ff	#cccccc	0.0	0.0	#8000ff	#8000ff
Sphingomonas	373	Sphingomonas	Ureaplasma	1.0	Anterior_nares	Posterior_fornix	Intertype	#8000ff	#4df3ce	#cccccc	0.0	0.0	#8000ff	#8000ff
Ureaplasma	374	Ureaplasma	Sphingopyxis	1.0	Posterior_fornix	Posterior_fornix	Posterior_fornix	#4df3ce	#4df3ce	#4df3ce	0.0	0.0	#8000ff	#8000ff
Sphingopyxis	375	Sphingopyxis	Ureaplasma	1.0	Posterior_fornix	Posterior_fornix	Posterior_fornix	#4df3ce	#4df3ce	#4df3ce	0.0	0.0	#8000ff	#8000ff
Ureaplasma	376	Ureaplasma	Stenotrophomonas	1.0	Posterior_fornix	Anterior_nares	Intertype	#4df3ce	#8000ff	#cccccc	0.0	0.0	#8000ff	#8000ff
Stenotrophomonas	377	Stenotrophomonas	Ureaplasma	1.0	Anterior_nares	Posterior_fornix	Intertype	#8000ff	#4df3ce	#cccccc	0.0	0.0	#8000ff	#8000ff
Ureaplasma	378	Ureaplasma	Streptococcus	1.0	Posterior_fornix	Buccal_mucosa	Intertype	#4df3ce	#1996f3	#cccccc	0.0	0.0	#8000ff	#8000ff
Streptococcus	379	Streptococcus	Ureaplasma	1.0	Buccal_mucosa	Posterior_fornix	Intertype	#1996f3	#4df3ce	#cccccc	0.0	0.0	#8000ff	#8000ff
